Group Name,Member Count,Last Active,Group URL,post
""" ALL DOGS GO TO HEAVEN """,,,https://www.facebook.com/groups/patfrench/,"I’m reaching out to share Loki’s fundraiser with this animal-loving community. This GoFundMe is for Loki, and I’m hoping to gather support during a difficult time. If you’re able to donate or pass it along, your support would mean so much. I truly appreciate this community’s kindness. https://www.gofundme.com/f/restoring-hope-for-loki"
**EMERGENCY DOGS** - These dogs need medical help quickly,,,https://www.facebook.com/groups/684295331611870/,"I hope it’s okay to post a request for support in this animal-loving community. This GoFundMe is for Loki, and I’m hoping to gather support during a difficult time. If this speaks to you, please consider helping in whatever way feels right, including simply sharing the link. Thank you for opening your heart to Loki’s fundraiser. https://www.gofundme.com/f/restoring-hope-for-loki"
♥️Sharing With The Hearts♥️Of Angels,,,https://www.facebook.com/groups/1747013768690437/,"I’d be grateful to introduce Loki’s GoFundMe to this caring community. This GoFundMe is for Loki, and I’m hoping to gather support during a difficult time. Together, small acts of support can make a meaningful difference for Loki. Thank you for helping spread hope for Loki. https://www.gofundme.com/f/restoring-hope-for-loki"
🇺🇸🇨🇦 GoFundMe USA/CANADA Donate & Share Personal Fundraisers!,12K,10 posts a day,https://www.facebook.com/groups/1069413077769937/,"I’m asking this generous community. This GoFundMe is for Loki, and I’m hoping to gather support during a difficult time. Even a small gift or a quick share can extend the circle of care for Loki. Thank you for your compassion. https://www.gofundme.com/f/restoring-hope-for-loki"
✝️♥️Voices of Victory Ministries✝️♥️,,,https://www.facebook.com/groups/430473623653819/,"Please consider taking a moment to support Loki with this faith-filled community. This GoFundMe is for Loki, and I’m hoping to gather support during a difficult time. Any help you can offer, from a donation to a share, is sincerely appreciated. Thank you for being part of Loki’s support circle. https://www.gofundme.com/f/restoring-hope-for-loki"
✨❤️ SACRED HEART OF JESUS and IMMACULATE HEART of MARY...SAVE us ❤️✨,,,https://www.facebook.com/groups/493425487421078/,"I’m sharing a heartfelt fundraiser for Loki with this faith-filled community. This GoFundMe is for Loki, and I’m hoping to gather support during a difficult time. Every contribution and every share helps build more support around Loki. Thank you for taking the time to help. https://www.gofundme.com/f/restoring-hope-for-loki"
"✨🌹LORD JESUS CHRIST, MOTHER MARY AND SAINT JOSEPH. SAVE US! 🌹✨",,,https://www.facebook.com/groups/162916057438096/,"I’d appreciate the kindness of this faith-filled community. This GoFundMe is for Loki, and I’m hoping to gather support during a difficult time. Support does not have to be financial: sharing this fundraiser is also a meaningful way to help. Thank you for reading and for any help you can give. https://www.gofundme.com/f/restoring-hope-for-loki"
🌹God is Love🥀,,,https://www.facebook.com/groups/332763261887893/,"I’m hoping this faith-filled community. This GoFundMe is for Loki, and I’m hoping to gather support during a difficult time. A donation of any size can make a real difference, and a share can help this reach someone who is able to give. With gratitude for any support you can offer. https://www.gofundme.com/f/restoring-hope-for-loki"
🌹Jesus🌹 Mary🌹🌹 Joseph🌹,,,https://www.facebook.com/groups/1690884647950825/,"I’m inviting this faith-filled community. This GoFundMe is for Loki, and I’m hoping to gather support during a difficult time. Your generosity, whether through a contribution or a share, can help bring hope to Loki. I appreciate this community more than I can say. https://www.gofundme.com/f/restoring-hope-for-loki"
🎈Divine Infant Jesus🌹,,,https://www.facebook.com/groups/500841953915776/,"I’m posting Loki’s fundraiser for this faith-filled community. This GoFundMe is for Loki, and I’m hoping to gather support during a difficult time. Please keep Loki in mind and share this link if you know someone who may be able to help. Your support and shares are deeply appreciated. https://www.gofundme.com/f/restoring-hope-for-loki"
💓 💓 Jesus's Love 💓💓,,Last active about a minute ago,https://www.facebook.com/groups/830354857989710/,"I’m turning to this faith-filled community. This GoFundMe is for Loki, and I’m hoping to gather support during a difficult time. Please help by donating if you can, or by sharing the fundraiser with others who may want to help. Thank you for caring about Loki. https://www.gofundme.com/f/restoring-hope-for-loki"
💕❣ Jesus Got Me❣💕,,,https://www.facebook.com/groups/528539391075980/,"I’d love to share an opportunity to help Loki with this faith-filled community. This GoFundMe is for Loki, and I’m hoping to gather support during a difficult time. I’m thankful for every person who takes a moment to read, donate, or share Loki’s story. I’m grateful for your time and consideration. https://www.gofundme.com/f/restoring-hope-for-loki"
"💕Great Dane Family (USA,UK)💕",,,https://www.facebook.com/groups/greatdanefamilyusa/,"I’m reaching out to share Loki’s fundraiser with this animal-loving community. This GoFundMe is for Loki, and I’m hoping to gather support during a difficult time. If you’re able to donate or pass it along, your support would mean so much. I truly appreciate this community’s kindness. Your support is appreciated (1). https://www.gofundme.com/f/restoring-hope-for-loki"
🧡IHEART URGENT SENIOR🧡 DOGS&CATS,,,https://www.facebook.com/groups/780490248967961/,"I hope it’s okay to post a request for support in this animal-loving community. This GoFundMe is for Loki, and I’m hoping to gather support during a difficult time. If this speaks to you, please consider helping in whatever way feels right, including simply sharing the link. Thank you for opening your heart to Loki’s fundraiser. Your support is appreciated (1). https://www.gofundme.com/f/restoring-hope-for-loki"
😪DOGS WITH NO SHARES & NO PLEDGES😪,,,https://www.facebook.com/groups/832773110261158/,"I’d be grateful to introduce Loki’s GoFundMe to this animal-loving community. This GoFundMe is for Loki, and I’m hoping to gather support during a difficult time. Together, small acts of support can make a meaningful difference for Loki. Thank you for helping spread hope for Loki. https://www.gofundme.com/f/restoring-hope-for-loki"
209 El Tianguis de Stockton. Anunciate-compra-vende.,,,https://www.facebook.com/groups/211567009491977/,"I’m asking this caring community. This GoFundMe is for Loki, and I’m hoping to gather support during a difficult time. Even a small gift or a quick share can extend the circle of care for Loki. Thank you for your compassion. https://www.gofundme.com/f/restoring-hope-for-loki"
4A - URGENT DOG Rescue CrossPostings (Open group),,,https://www.facebook.com/groups/4A.URGENT/,"Please consider taking a moment to support Loki with this animal-loving community. This GoFundMe is for Loki, and I’m hoping to gather support during a difficult time. Any help you can offer, from a donation to a share, is sincerely appreciated. Thank you for being part of Loki’s support circle. https://www.gofundme.com/f/restoring-hope-for-loki"
80’s Nostalgia,,,https://www.facebook.com/groups/randomcatvideosoninternet/,"I’m sharing a heartfelt fundraiser for Loki with this caring community. This GoFundMe is for Loki, and I’m hoping to gather support during a difficult time. Every contribution and every share helps build more support around Loki. Thank you for taking the time to help. https://www.gofundme.com/f/restoring-hope-for-loki"
Adopt a dog from Romania !,,,https://www.facebook.com/groups/553025105464989/,"I’d appreciate the kindness of this animal-loving community. This GoFundMe is for Loki, and I’m hoping to gather support during a difficult time. Support does not have to be financial: sharing this fundraiser is also a meaningful way to help. Thank you for reading and for any help you can give. https://www.gofundme.com/f/restoring-hope-for-loki"
Adopt a shelter dog.Save a life.Change a life,,,https://www.facebook.com/groups/390289378015120/,"I’m hoping this animal-loving community. This GoFundMe is for Loki, and I’m hoping to gather support during a difficult time. A donation of any size can make a real difference, and a share can help this reach someone who is able to give. With gratitude for any support you can offer. https://www.gofundme.com/f/restoring-hope-for-loki"
Advocate for Saving Animals,,,https://www.facebook.com/groups/advocateforsavinganimals/,"I’m inviting this animal-loving community. This GoFundMe is for Loki, and I’m hoping to gather support during a difficult time. Your generosity, whether through a contribution or a share, can help bring hope to Loki. I appreciate this community more than I can say. https://www.gofundme.com/f/restoring-hope-for-loki"
ALL ABOUT DOGS,,,https://www.facebook.com/groups/1002110307541126/,"I’m posting Loki’s fundraiser for this animal-loving community. This GoFundMe is for Loki, and I’m hoping to gather support during a difficult time. Please keep Loki in mind and share this link if you know someone who may be able to help. Your support and shares are deeply appreciated. https://www.gofundme.com/f/restoring-hope-for-loki"
"All Fostering, Rehoming, Rescues, & URGENTS!",2.1K,,https://www.facebook.com/groups/1429050661278064/,"I’m turning to this animal-loving community. This GoFundMe is for Loki, and I’m hoping to gather support during a difficult time. Please help by donating if you can, or by sharing the fundraiser with others who may want to help. Thank you for caring about Loki. https://www.gofundme.com/f/restoring-hope-for-loki"
All Small Dogs Breed for adoption,,,https://www.facebook.com/groups/749494566566576/,"I’d love to share an opportunity to help Loki with this animal-loving community. This GoFundMe is for Loki, and I’m hoping to gather support during a difficult time. I’m thankful for every person who takes a moment to read, donate, or share Loki’s story. I’m grateful for your time and consideration. https://www.gofundme.com/f/restoring-hope-for-loki"
All Things Cat And Dog,,,https://www.facebook.com/groups/441967211465134/,"I’m reaching out to share Loki’s fundraiser with this animal-loving community. This GoFundMe is for Loki, and I’m hoping to gather support during a difficult time. If you’re able to donate or pass it along, your support would mean so much. I truly appreciate this community’s kindness. Your support is appreciated (2). https://www.gofundme.com/f/restoring-hope-for-loki"
Alzheimer's Support Group for family/caregivers,,,https://www.facebook.com/groups/1499563390331111/,"I hope it’s okay to post a request for support in this caring community. This GoFundMe is for Loki, and I’m hoping to gather support during a difficult time. If this speaks to you, please consider helping in whatever way feels right, including simply sharing the link. Thank you for opening your heart to Loki’s fundraiser. https://www.gofundme.com/f/restoring-hope-for-loki"
Amazing Animal,,,https://www.facebook.com/groups/7088396587853657/,"I’d be grateful to introduce Loki’s GoFundMe to this animal-loving community. This GoFundMe is for Loki, and I’m hoping to gather support during a difficult time. Together, small acts of support can make a meaningful difference for Loki. Thank you for helping spread hope for Loki. Your support is appreciated (1). https://www.gofundme.com/f/restoring-hope-for-loki"
AMEN & Jesus,,,https://www.facebook.com/groups/1266939621891095/,"I’m asking this faith-filled community. This GoFundMe is for Loki, and I’m hoping to gather support during a difficult time. Even a small gift or a quick share can extend the circle of care for Loki. Thank you for your compassion. https://www.gofundme.com/f/restoring-hope-for-loki"
AMEN WORLD,19K,,https://www.facebook.com/groups/400750989767755/,"Please consider taking a moment to support Loki with this caring community. This GoFundMe is for Loki, and I’m hoping to gather support during a difficult time. Any help you can offer, from a donation to a share, is sincerely appreciated. Thank you for being part of Loki’s support circle. https://www.gofundme.com/f/restoring-hope-for-loki"
American Dog Magazine,,,https://www.facebook.com/groups/AmericanDogMagazine/,"I’m sharing a heartfelt fundraiser for Loki with this animal-loving community. This GoFundMe is for Loki, and I’m hoping to gather support during a difficult time. Every contribution and every share helps build more support around Loki. Thank you for taking the time to help. https://www.gofundme.com/f/restoring-hope-for-loki"
"Animal Fund Raisers - Post, Donate, Share",,,https://www.facebook.com/groups/456427861177216/,"I’d appreciate the kindness of this animal-loving community. This GoFundMe is for Loki, and I’m hoping to gather support during a difficult time. Support does not have to be financial: sharing this fundraiser is also a meaningful way to help. Thank you for reading and for any help you can give. Your support is appreciated (1). https://www.gofundme.com/f/restoring-hope-for-loki"
Animal Lover,,,https://www.facebook.com/groups/396148777592906/,"I’m hoping this animal-loving community. This GoFundMe is for Loki, and I’m hoping to gather support during a difficult time. A donation of any size can make a real difference, and a share can help this reach someone who is able to give. With gratitude for any support you can offer. Your support is appreciated (1). https://www.gofundme.com/f/restoring-hope-for-loki"
Animal lovers,,,https://www.facebook.com/groups/comportementalisteEC/,"I’m inviting this animal-loving community. This GoFundMe is for Loki, and I’m hoping to gather support during a difficult time. Your generosity, whether through a contribution or a share, can help bring hope to Loki. I appreciate this community more than I can say. Your support is appreciated (1). https://www.gofundme.com/f/restoring-hope-for-loki"
Animal Lovers Dog And Pet Groups 😸 🐕🐶,,,https://www.facebook.com/groups/547852770691549/,"I’m posting Loki’s fundraiser for this animal-loving community. This GoFundMe is for Loki, and I’m hoping to gather support during a difficult time. Please keep Loki in mind and share this link if you know someone who may be able to help. Your support and shares are deeply appreciated. Your support is appreciated (1). https://www.gofundme.com/f/restoring-hope-for-loki"
ANIMAL Video,,,https://www.facebook.com/groups/1036242750442333/,"I’m turning to this animal-loving community. This GoFundMe is for Loki, and I’m hoping to gather support during a difficult time. Please help by donating if you can, or by sharing the fundraiser with others who may want to help. Thank you for caring about Loki. Your support is appreciated (1). https://www.gofundme.com/f/restoring-hope-for-loki"
Animals & Amazing Nature,,,https://www.facebook.com/groups/350174126100010/,"I’d love to share an opportunity to help Loki with this animal-loving community. This GoFundMe is for Loki, and I’m hoping to gather support during a difficult time. I’m thankful for every person who takes a moment to read, donate, or share Loki’s story. I’m grateful for your time and consideration. Your support is appreciated (1). https://www.gofundme.com/f/restoring-hope-for-loki"
Animals Home Monkey,,,https://www.facebook.com/groups/1517728215339195/,"I’m reaching out to share Loki’s fundraiser with this animal-loving community. This GoFundMe is for Loki, and I’m hoping to gather support during a difficult time. If you’re able to donate or pass it along, your support would mean so much. I truly appreciate this community’s kindness. Your support is appreciated (3). https://www.gofundme.com/f/restoring-hope-for-loki"
ANIMALS NEED OUR LOVE WITH SHARING &CARING 《URGENT DOGS &CATS,,Last active 16 minutes ago,https://www.facebook.com/groups/801890710398367/,"I hope it’s okay to post a request for support in this animal-loving community. This GoFundMe is for Loki, and I’m hoping to gather support during a difficult time. If this speaks to you, please consider helping in whatever way feels right, including simply sharing the link. Thank you for opening your heart to Loki’s fundraiser. Your support is appreciated (2). https://www.gofundme.com/f/restoring-hope-for-loki"
Animals of the sea,,,https://www.facebook.com/groups/938560129571747/,"I’d be grateful to introduce Loki’s GoFundMe to this animal-loving community. This GoFundMe is for Loki, and I’m hoping to gather support during a difficult time. Together, small acts of support can make a meaningful difference for Loki. Thank you for helping spread hope for Loki. Your support is appreciated (2). https://www.gofundme.com/f/restoring-hope-for-loki"
ANIMALS OF THE WORLD Sabahat's Group,,,https://www.facebook.com/groups/499505853573510/,"I’m asking this animal-loving community. This GoFundMe is for Loki, and I’m hoping to gather support during a difficult time. Even a small gift or a quick share can extend the circle of care for Loki. Thank you for your compassion. https://www.gofundme.com/f/restoring-hope-for-loki"
Apostolic Jesus Name HolyGhost Filled You last visited 33 weeks ago,,,https://www.facebook.com/groups/395517773978394/,"Please consider taking a moment to support Loki with this faith-filled community. This GoFundMe is for Loki, and I’m hoping to gather support during a difficult time. Any help you can offer, from a donation to a share, is sincerely appreciated. Thank you for being part of Loki’s support circle. Your support is appreciated (1). https://www.gofundme.com/f/restoring-hope-for-loki"
Australian cattle dogs lovers🐾💙,,,https://www.facebook.com/groups/595896223048163/,"I’m sharing a heartfelt fundraiser for Loki with this animal-loving community. This GoFundMe is for Loki, and I’m hoping to gather support during a difficult time. Every contribution and every share helps build more support around Loki. Thank you for taking the time to help. Your support is appreciated (1). https://www.gofundme.com/f/restoring-hope-for-loki"
Autism Awareness Family,,,https://www.facebook.com/groups/921835842647381/,"I’d appreciate the kindness of this caring community. This GoFundMe is for Loki, and I’m hoping to gather support during a difficult time. Support does not have to be financial: sharing this fundraiser is also a meaningful way to help. Thank you for reading and for any help you can give. https://www.gofundme.com/f/restoring-hope-for-loki"
Available Dogs From Big Fluffy Dog Rescue,,,https://www.facebook.com/groups/BFDRAvailableDogs/,"I’m hoping this animal-loving community. This GoFundMe is for Loki, and I’m hoping to gather support during a difficult time. A donation of any size can make a real difference, and a share can help this reach someone who is able to give. With gratitude for any support you can offer. Your support is appreciated (2). https://www.gofundme.com/f/restoring-hope-for-loki"
Beagle dog Lovers,,,https://www.facebook.com/groups/beagledoglovers/,"I’m inviting this animal-loving community. This GoFundMe is for Loki, and I’m hoping to gather support during a difficult time. Your generosity, whether through a contribution or a share, can help bring hope to Loki. I appreciate this community more than I can say. Your support is appreciated (2). https://www.gofundme.com/f/restoring-hope-for-loki"
Bearded Collie Lovers,,,https://www.facebook.com/groups/380150378114553/,"I’m posting Loki’s fundraiser for this caring community. This GoFundMe is for Loki, and I’m hoping to gather support during a difficult time. Please keep Loki in mind and share this link if you know someone who may be able to help. Your support and shares are deeply appreciated. https://www.gofundme.com/f/restoring-hope-for-loki"
beautiful animal1,,,https://www.facebook.com/groups/627637709697866/,"I’m turning to this animal-loving community. This GoFundMe is for Loki, and I’m hoping to gather support during a difficult time. Please help by donating if you can, or by sharing the fundraiser with others who may want to help. Thank you for caring about Loki. Your support is appreciated (2). https://www.gofundme.com/f/restoring-hope-for-loki"
Because of Jesus,,,https://www.facebook.com/groups/501738391835347/,"I’d love to share an opportunity to help Loki with this faith-filled community. This GoFundMe is for Loki, and I’m hoping to gather support during a difficult time. I’m thankful for every person who takes a moment to read, donate, or share Loki’s story. I’m grateful for your time and consideration. Your support is appreciated (1). https://www.gofundme.com/f/restoring-hope-for-loki"
BELIEVE IN JESUS CHRIST✝️,,,https://www.facebook.com/groups/3123140501252707/,"I’m reaching out to share Loki’s fundraiser with this faith-filled community. This GoFundMe is for Loki, and I’m hoping to gather support during a difficult time. If you’re able to donate or pass it along, your support would mean so much. I truly appreciate this community’s kindness. https://www.gofundme.com/f/restoring-hope-for-loki"
Bible Quotes and Prayers,100K,,https://www.facebook.com/groups/377450455027302/,"I hope it’s okay to post a request for support in this faith-filled community. This GoFundMe is for Loki, and I’m hoping to gather support during a difficult time. If this speaks to you, please consider helping in whatever way feels right, including simply sharing the link. Thank you for opening your heart to Loki’s fundraiser. https://www.gofundme.com/f/restoring-hope-for-loki"
Bible Study,59K,7 posts a day,https://www.facebook.com/groups/3989786584588621/,"I’d be grateful to introduce Loki’s GoFundMe to this caring community. This GoFundMe is for Loki, and I’m hoping to gather support during a difficult time. Together, small acts of support can make a meaningful difference for Loki. Thank you for helping spread hope for Loki. Your support is appreciated (1). https://www.gofundme.com/f/restoring-hope-for-loki"
Bible Study,36K,,https://www.facebook.com/groups/1313789266370137/,"I’m asking this caring community. This GoFundMe is for Loki, and I’m hoping to gather support during a difficult time. Even a small gift or a quick share can extend the circle of care for Loki. Thank you for your compassion. Your support is appreciated (1). https://www.gofundme.com/f/restoring-hope-for-loki"
Black dogs of TEXAS crossposting group You last visited 19 weeks ago,,,https://www.facebook.com/groups/310991005680985/,"Please consider taking a moment to support Loki with this animal-loving community. This GoFundMe is for Loki, and I’m hoping to gather support during a difficult time. Any help you can offer, from a donation to a share, is sincerely appreciated. Thank you for being part of Loki’s support circle. Your support is appreciated (1). https://www.gofundme.com/f/restoring-hope-for-loki"
Bloodhound Lovers,2.2K,6 posts a day,https://www.facebook.com/groups/1686777498688471/,"I’m sharing a heartfelt fundraiser for Loki with this caring community. This GoFundMe is for Loki, and I’m hoping to gather support during a difficult time. Every contribution and every share helps build more support around Loki. Thank you for taking the time to help. Your support is appreciated (1). https://www.gofundme.com/f/restoring-hope-for-loki"
Bloodhound Lovers Club,5.4K,6 posts a day,https://www.facebook.com/groups/1136987307663316/,"I’d appreciate the kindness of this caring community. This GoFundMe is for Loki, and I’m hoping to gather support during a difficult time. Support does not have to be financial: sharing this fundraiser is also a meaningful way to help. Thank you for reading and for any help you can give. Your support is appreciated (1). https://www.gofundme.com/f/restoring-hope-for-loki"
Bloodhound Lovers Family,,,https://www.facebook.com/groups/bloodhoundloversfamily/,"I’m hoping this caring community. This GoFundMe is for Loki, and I’m hoping to gather support during a difficult time. A donation of any size can make a real difference, and a share can help this reach someone who is able to give. With gratitude for any support you can offer. https://www.gofundme.com/f/restoring-hope-for-loki"
Bloodhound Unity,7K,10 posts a day,https://www.facebook.com/groups/bloodhoundunity/,"I’m inviting this caring community. This GoFundMe is for Loki, and I’m hoping to gather support during a difficult time. Your generosity, whether through a contribution or a share, can help bring hope to Loki. I appreciate this community more than I can say. https://www.gofundme.com/f/restoring-hope-for-loki"
Bloodhound😍,30K,3 posts a day,https://www.facebook.com/groups/bloodhoundthe/,"I’m posting Loki’s fundraiser for this caring community. This GoFundMe is for Loki, and I’m hoping to gather support during a difficult time. Please keep Loki in mind and share this link if you know someone who may be able to help. Your support and shares are deeply appreciated. Your support is appreciated (1). https://www.gofundme.com/f/restoring-hope-for-loki"
Boricuas Weeepaaa 🇵🇷🇵🇷🇵🇷,20K,,https://www.facebook.com/groups/1199553187063923/,"I’m turning to this caring community. This GoFundMe is for Loki, and I’m hoping to gather support during a difficult time. Please help by donating if you can, or by sharing the fundraiser with others who may want to help. Thank you for caring about Loki. https://www.gofundme.com/f/restoring-hope-for-loki"
BORN AGAIN CHRISTIAN ( Jesus follower ),,,https://www.facebook.com/groups/314843498701213/,"I’d love to share an opportunity to help Loki with this faith-filled community. This GoFundMe is for Loki, and I’m hoping to gather support during a difficult time. I’m thankful for every person who takes a moment to read, donate, or share Loki’s story. I’m grateful for your time and consideration. Your support is appreciated (2). https://www.gofundme.com/f/restoring-hope-for-loki"
Bully Rescue Network Group,16K,,https://www.facebook.com/groups/bullyrescuenetwork/,"I’m reaching out to share Loki’s fundraiser with this animal-loving community. This GoFundMe is for Loki, and I’m hoping to gather support during a difficult time. If you’re able to donate or pass it along, your support would mean so much. I truly appreciate this community’s kindness. Your support is appreciated (4). https://www.gofundme.com/f/restoring-hope-for-loki"
Butterflies of Faith,113K,,https://www.facebook.com/groups/3387018501549905/,"I hope it’s okay to post a request for support in this faith-filled community. This GoFundMe is for Loki, and I’m hoping to gather support during a difficult time. If this speaks to you, please consider helping in whatever way feels right, including simply sharing the link. Thank you for opening your heart to Loki’s fundraiser. Your support is appreciated (1). https://www.gofundme.com/f/restoring-hope-for-loki"
California Animal Rescue Network 4 Precious Lives,,,https://www.facebook.com/groups/424174010974560/,"I’d be grateful to introduce Loki’s GoFundMe to this animal-loving community. This GoFundMe is for Loki, and I’m hoping to gather support during a difficult time. Together, small acts of support can make a meaningful difference for Loki. Thank you for helping spread hope for Loki. Your support is appreciated (3). https://www.gofundme.com/f/restoring-hope-for-loki"
California Animal Shelter Networking Group,,,https://www.facebook.com/groups/3637832923194155/,"I’m asking this animal-loving community. This GoFundMe is for Loki, and I’m hoping to gather support during a difficult time. Even a small gift or a quick share can extend the circle of care for Loki. Thank you for your compassion. Your support is appreciated (1). https://www.gofundme.com/f/restoring-hope-for-loki"
California Bully Breed Adoption & Rescue Network,,,https://www.facebook.com/groups/1383977205243052/,"Please consider taking a moment to support Loki with this animal-loving community. This GoFundMe is for Loki, and I’m hoping to gather support during a difficult time. Any help you can offer, from a donation to a share, is sincerely appreciated. Thank you for being part of Loki’s support circle. Your support is appreciated (2). https://www.gofundme.com/f/restoring-hope-for-loki"
California Dog and Cat Fosters,,,https://www.facebook.com/groups/201816956636470/,"I’m sharing a heartfelt fundraiser for Loki with this animal-loving community. This GoFundMe is for Loki, and I’m hoping to gather support during a difficult time. Every contribution and every share helps build more support around Loki. Thank you for taking the time to help. Your support is appreciated (2). https://www.gofundme.com/f/restoring-hope-for-loki"
Carolina Dog Lovers Group,,,https://www.facebook.com/groups/2919077568241360/,"I’d appreciate the kindness of this animal-loving community. This GoFundMe is for Loki, and I’m hoping to gather support during a difficult time. Support does not have to be financial: sharing this fundraiser is also a meaningful way to help. Thank you for reading and for any help you can give. Your support is appreciated (2). https://www.gofundme.com/f/restoring-hope-for-loki"
cats and dogs are my souls ✅,,,https://www.facebook.com/groups/698939838684992/,"I’m hoping this animal-loving community. This GoFundMe is for Loki, and I’m hoping to gather support during a difficult time. A donation of any size can make a real difference, and a share can help this reach someone who is able to give. With gratitude for any support you can offer. Your support is appreciated (3). https://www.gofundme.com/f/restoring-hope-for-loki"
Cats And Dogs Lovers,,,https://www.facebook.com/groups/419922879447881/,"I’m inviting this animal-loving community. This GoFundMe is for Loki, and I’m hoping to gather support during a difficult time. Your generosity, whether through a contribution or a share, can help bring hope to Loki. I appreciate this community more than I can say. Your support is appreciated (3). https://www.gofundme.com/f/restoring-hope-for-loki"
cats lover & Dogs lover,,,https://www.facebook.com/groups/721507295269765/,"I’m posting Loki’s fundraiser for this animal-loving community. This GoFundMe is for Loki, and I’m hoping to gather support during a difficult time. Please keep Loki in mind and share this link if you know someone who may be able to help. Your support and shares are deeply appreciated. Your support is appreciated (2). https://www.gofundme.com/f/restoring-hope-for-loki"
Cattle and Herding Shelter Dogs in Need,,,https://www.facebook.com/groups/2108416579448187/,"I’m turning to this animal-loving community. This GoFundMe is for Loki, and I’m hoping to gather support during a difficult time. Please help by donating if you can, or by sharing the fundraiser with others who may want to help. Thank you for caring about Loki. Your support is appreciated (3). https://www.gofundme.com/f/restoring-hope-for-loki"
Chihuahua Stud dogs,,,https://www.facebook.com/groups/1486021205147495/,"I’d love to share an opportunity to help Loki with this animal-loving community. This GoFundMe is for Loki, and I’m hoping to gather support during a difficult time. I’m thankful for every person who takes a moment to read, donate, or share Loki’s story. I’m grateful for your time and consideration. Your support is appreciated (2). https://www.gofundme.com/f/restoring-hope-for-loki"
Christian Family,,,https://www.facebook.com/groups/1117323572913395/,"I’m reaching out to share Loki’s fundraiser with this faith-filled community. This GoFundMe is for Loki, and I’m hoping to gather support during a difficult time. If you’re able to donate or pass it along, your support would mean so much. I truly appreciate this community’s kindness. Your support is appreciated (1). https://www.gofundme.com/f/restoring-hope-for-loki"
Christian Home,723K,,https://www.facebook.com/groups/411572520879434/,"I hope it’s okay to post a request for support in this faith-filled community. This GoFundMe is for Loki, and I’m hoping to gather support during a difficult time. If this speaks to you, please consider helping in whatever way feels right, including simply sharing the link. Thank you for opening your heart to Loki’s fundraiser. Your support is appreciated (2). https://www.gofundme.com/f/restoring-hope-for-loki"
Christians Family Worldwide,,,https://www.facebook.com/groups/455374108254173/,"I’d be grateful to introduce Loki’s GoFundMe to this faith-filled community. This GoFundMe is for Loki, and I’m hoping to gather support during a difficult time. Together, small acts of support can make a meaningful difference for Loki. Thank you for helping spread hope for Loki. https://www.gofundme.com/f/restoring-hope-for-loki"
Classic Art Memes Group,,,https://www.facebook.com/groups/classicartmemesgroup/,"I’m asking this caring community. This GoFundMe is for Loki, and I’m hoping to gather support during a difficult time. Even a small gift or a quick share can extend the circle of care for Loki. Thank you for your compassion. Your support is appreciated (2). https://www.gofundme.com/f/restoring-hope-for-loki"
Coffee and Jesus,,,https://www.facebook.com/groups/1210142907558582/,"Please consider taking a moment to support Loki with this faith-filled community. This GoFundMe is for Loki, and I’m hoping to gather support during a difficult time. Any help you can offer, from a donation to a share, is sincerely appreciated. Thank you for being part of Loki’s support circle. Your support is appreciated (2). https://www.gofundme.com/f/restoring-hope-for-loki"
Cold Noses Warm Hearts (CrossPosting To Save Lives),,,https://www.facebook.com/groups/230733313737662/,"I’m sharing a heartfelt fundraiser for Loki with this caring community. This GoFundMe is for Loki, and I’m hoping to gather support during a difficult time. Every contribution and every share helps build more support around Loki. Thank you for taking the time to help. Your support is appreciated (2). https://www.gofundme.com/f/restoring-hope-for-loki"
COMPASSION FOR ANIMALS 《Learn It《Teach It《Share It,,,https://www.facebook.com/groups/387142839575957/,"I’d appreciate the kindness of this animal-loving community. This GoFundMe is for Loki, and I’m hoping to gather support during a difficult time. Support does not have to be financial: sharing this fundraiser is also a meaningful way to help. Thank you for reading and for any help you can give. Your support is appreciated (3). https://www.gofundme.com/f/restoring-hope-for-loki"
COMPRA Y VENTA DAKOTA DEL NORTE,21K,,https://www.facebook.com/groups/1902973969804603/,"I’m hoping this caring community. This GoFundMe is for Loki, and I’m hoping to gather support during a difficult time. A donation of any size can make a real difference, and a share can help this reach someone who is able to give. With gratitude for any support you can offer. Your support is appreciated (1). https://www.gofundme.com/f/restoring-hope-for-loki"
Content monetization,,,https://www.facebook.com/groups/167494053720075/,"I’m inviting this caring community. This GoFundMe is for Loki, and I’m hoping to gather support during a difficult time. Your generosity, whether through a contribution or a share, can help bring hope to Loki. I appreciate this community more than I can say. Your support is appreciated (1). https://www.gofundme.com/f/restoring-hope-for-loki"
Country Girl's Love of Jesus Group,,,https://www.facebook.com/groups/699089581917088/,"I’m posting Loki’s fundraiser for this faith-filled community. This GoFundMe is for Loki, and I’m hoping to gather support during a difficult time. Please keep Loki in mind and share this link if you know someone who may be able to help. Your support and shares are deeply appreciated. Your support is appreciated (1). https://www.gofundme.com/f/restoring-hope-for-loki"
Craigslist House For Rent Available,,,https://www.facebook.com/groups/1578521009976028/,"I’m turning to this caring community. This GoFundMe is for Loki, and I’m hoping to gather support during a difficult time. Please help by donating if you can, or by sharing the fundraiser with others who may want to help. Thank you for caring about Loki. Your support is appreciated (1). https://www.gofundme.com/f/restoring-hope-for-loki"
Crossposting fundraisers for individual animals in need,8.5K,10 posts a day,https://www.facebook.com/groups/315332332007612/,"I’d love to share an opportunity to help Loki with this animal-loving community. This GoFundMe is for Loki, and I’m hoping to gather support during a difficult time. I’m thankful for every person who takes a moment to read, donate, or share Loki’s story. I’m grateful for your time and consideration. Your support is appreciated (3). https://www.gofundme.com/f/restoring-hope-for-loki"
Crowdfunding campaign and indiegogo and Kickstarter and GoFundMe,14K,6 posts a day,https://www.facebook.com/groups/1642786682884363/,"I’m reaching out to share Loki’s fundraiser with this generous community. This GoFundMe is for Loki, and I’m hoping to gather support during a difficult time. If you’re able to donate or pass it along, your support would mean so much. I truly appreciate this community’s kindness. https://www.gofundme.com/f/restoring-hope-for-loki"
Cute Dog Lovers Club USA,,,https://www.facebook.com/groups/894749704508798/,"I hope it’s okay to post a request for support in this animal-loving community. This GoFundMe is for Loki, and I’m hoping to gather support during a difficult time. If this speaks to you, please consider helping in whatever way feels right, including simply sharing the link. Thank you for opening your heart to Loki’s fundraiser. Your support is appreciated (3). https://www.gofundme.com/f/restoring-hope-for-loki"
Daily Christian Devotions & Prayer,81K,,https://www.facebook.com/groups/847489479835157/,"I’d be grateful to introduce Loki’s GoFundMe to this faith-filled community. This GoFundMe is for Loki, and I’m hoping to gather support during a difficult time. Together, small acts of support can make a meaningful difference for Loki. Thank you for helping spread hope for Loki. Your support is appreciated (1). https://www.gofundme.com/f/restoring-hope-for-loki"
Daily God's Word,23K,,https://www.facebook.com/groups/7644695858986316/,"I’m asking this faith-filled community. This GoFundMe is for Loki, and I’m hoping to gather support during a difficult time. Even a small gift or a quick share can extend the circle of care for Loki. Thank you for your compassion. Your support is appreciated (1). https://www.gofundme.com/f/restoring-hope-for-loki"
Daily prayers,282K,,https://www.facebook.com/groups/282104971180534/,"Please consider taking a moment to support Loki with this faith-filled community. This GoFundMe is for Loki, and I’m hoping to gather support during a difficult time. Any help you can offer, from a donation to a share, is sincerely appreciated. Thank you for being part of Loki’s support circle. Your support is appreciated (3). https://www.gofundme.com/f/restoring-hope-for-loki"
DAILY WALK WITH JESUS ✝️⛵️❤️The Present Day Fishers of Men,,,https://www.facebook.com/groups/677642639079641/,"I’m sharing a heartfelt fundraiser for Loki with this faith-filled community. This GoFundMe is for Loki, and I’m hoping to gather support during a difficult time. Every contribution and every share helps build more support around Loki. Thank you for taking the time to help. Your support is appreciated (1). https://www.gofundme.com/f/restoring-hope-for-loki"
Dallas Urgent Shelter Dogs,,,https://www.facebook.com/groups/686816899210677/,"I’d appreciate the kindness of this animal-loving community. This GoFundMe is for Loki, and I’m hoping to gather support during a difficult time. Support does not have to be financial: sharing this fundraiser is also a meaningful way to help. Thank you for reading and for any help you can give. Your support is appreciated (4). https://www.gofundme.com/f/restoring-hope-for-loki"
DEAD DOGS WALKING LEGACY 《RESCUE 《FOSTER 》ADOPT 》SHARE 🔔⬆️VIEW GROUP ⬆️🔔,,,https://www.facebook.com/groups/308089089690369/,"I’m hoping this animal-loving community. This GoFundMe is for Loki, and I’m hoping to gather support during a difficult time. A donation of any size can make a real difference, and a share can help this reach someone who is able to give. With gratitude for any support you can offer. Your support is appreciated (4). https://www.gofundme.com/f/restoring-hope-for-loki"
Death Row Dogs And Cats Need A Break,,,https://www.facebook.com/groups/1529938480360005/,"I’m inviting this animal-loving community. This GoFundMe is for Loki, and I’m hoping to gather support during a difficult time. Your generosity, whether through a contribution or a share, can help bring hope to Loki. I appreciate this community more than I can say. Your support is appreciated (4). https://www.gofundme.com/f/restoring-hope-for-loki"
"DESPERATE Dogs/pups in USA ON DEATH ROW needing rescue,fostering,adoption",,,https://www.facebook.com/groups/511997613280527/,"I’m posting Loki’s fundraiser for this animal-loving community. This GoFundMe is for Loki, and I’m hoping to gather support during a difficult time. Please keep Loki in mind and share this link if you know someone who may be able to help. Your support and shares are deeply appreciated. Your support is appreciated (3). https://www.gofundme.com/f/restoring-hope-for-loki"
DEVOTION TO SACRED HEART OF JESUS ❤,,,https://www.facebook.com/groups/940987367296937/,"I’m turning to this faith-filled community. This GoFundMe is for Loki, and I’m hoping to gather support during a difficult time. Please help by donating if you can, or by sharing the fundraiser with others who may want to help. Thank you for caring about Loki. Your support is appreciated (1). https://www.gofundme.com/f/restoring-hope-for-loki"
"different dogs , disabled or special needs",,,https://www.facebook.com/groups/615119851952557/,"I’d love to share an opportunity to help Loki with this animal-loving community. This GoFundMe is for Loki, and I’m hoping to gather support during a difficult time. I’m thankful for every person who takes a moment to read, donate, or share Loki’s story. I’m grateful for your time and consideration. Your support is appreciated (4). https://www.gofundme.com/f/restoring-hope-for-loki"
Disability Services UK,14K,,https://www.facebook.com/groups/1390092764743439/,"I’m reaching out to share Loki’s fundraiser with this caring community. This GoFundMe is for Loki, and I’m hoping to gather support during a difficult time. If you’re able to donate or pass it along, your support would mean so much. I truly appreciate this community’s kindness. https://www.gofundme.com/f/restoring-hope-for-loki"
Discover Animals Channel,9.4K,,https://www.facebook.com/groups/816646256484116/,"I hope it’s okay to post a request for support in this animal-loving community. This GoFundMe is for Loki, and I’m hoping to gather support during a difficult time. If this speaks to you, please consider helping in whatever way feels right, including simply sharing the link. Thank you for opening your heart to Loki’s fundraiser. Your support is appreciated (4). https://www.gofundme.com/f/restoring-hope-for-loki"
Dog & Puppy lovers,,,https://www.facebook.com/groups/1281565973386297/,"I’d be grateful to introduce Loki’s GoFundMe to this animal-loving community. This GoFundMe is for Loki, and I’m hoping to gather support during a difficult time. Together, small acts of support can make a meaningful difference for Loki. Thank you for helping spread hope for Loki. Your support is appreciated (4). https://www.gofundme.com/f/restoring-hope-for-loki"
Dog 🐶 Lovers USA,,,https://www.facebook.com/groups/728846378592713/,"I’m asking this animal-loving community. This GoFundMe is for Loki, and I’m hoping to gather support during a difficult time. Even a small gift or a quick share can extend the circle of care for Loki. Thank you for your compassion. Your support is appreciated (2). https://www.gofundme.com/f/restoring-hope-for-loki"
Dog and Cat Lover - FurEver Friends,,,https://www.facebook.com/groups/800745024825351/,"Please consider taking a moment to support Loki with this animal-loving community. This GoFundMe is for Loki, and I’m hoping to gather support during a difficult time. Any help you can offer, from a donation to a share, is sincerely appreciated. Thank you for being part of Loki’s support circle. Your support is appreciated (3). https://www.gofundme.com/f/restoring-hope-for-loki"
Dog Cat Lovers Community,,,https://www.facebook.com/groups/261401095918292/,"I’m sharing a heartfelt fundraiser for Loki with this animal-loving community. This GoFundMe is for Loki, and I’m hoping to gather support during a difficult time. Every contribution and every share helps build more support around Loki. Thank you for taking the time to help. Your support is appreciated (3). https://www.gofundme.com/f/restoring-hope-for-loki"
"Dog lover & Cat lover USA, Canada 🇺🇸",,,https://www.facebook.com/groups/1787842478337075/,"I’d appreciate the kindness of this animal-loving community. This GoFundMe is for Loki, and I’m hoping to gather support during a difficult time. Support does not have to be financial: sharing this fundraiser is also a meaningful way to help. Thank you for reading and for any help you can give. Your support is appreciated (5). https://www.gofundme.com/f/restoring-hope-for-loki"
"Dog lover & Cat lover USA, Canada 🇺🇸",,,https://www.facebook.com/groups/1543774656361267/,"I’m hoping this animal-loving community. This GoFundMe is for Loki, and I’m hoping to gather support during a difficult time. A donation of any size can make a real difference, and a share can help this reach someone who is able to give. With gratitude for any support you can offer. Your support is appreciated (5). https://www.gofundme.com/f/restoring-hope-for-loki"
"Dog lover & Cat lover USA, Canada 🇺🇸",,,https://www.facebook.com/groups/1385951282331423/,"I’m inviting this animal-loving community. This GoFundMe is for Loki, and I’m hoping to gather support during a difficult time. Your generosity, whether through a contribution or a share, can help bring hope to Loki. I appreciate this community more than I can say. Your support is appreciated (5). https://www.gofundme.com/f/restoring-hope-for-loki"
Dog lover Blue,,,https://www.facebook.com/groups/3963552837262549/,"I’m posting Loki’s fundraiser for this animal-loving community. This GoFundMe is for Loki, and I’m hoping to gather support during a difficult time. Please keep Loki in mind and share this link if you know someone who may be able to help. Your support and shares are deeply appreciated. Your support is appreciated (4). https://www.gofundme.com/f/restoring-hope-for-loki"
Dog Lover USA 🇺🇸,,,https://www.facebook.com/groups/1849264732136206/,"I’m turning to this animal-loving community. This GoFundMe is for Loki, and I’m hoping to gather support during a difficult time. Please help by donating if you can, or by sharing the fundraiser with others who may want to help. Thank you for caring about Loki. Your support is appreciated (4). https://www.gofundme.com/f/restoring-hope-for-loki"
Dog lover's,,,https://www.facebook.com/groups/114894718575737/,"I’d love to share an opportunity to help Loki with this animal-loving community. This GoFundMe is for Loki, and I’m hoping to gather support during a difficult time. I’m thankful for every person who takes a moment to read, donate, or share Loki’s story. I’m grateful for your time and consideration. Your support is appreciated (5). https://www.gofundme.com/f/restoring-hope-for-loki"
"DOG LOVER'S, OWNERS AND BREEDER'S.",,,https://www.facebook.com/groups/227666341974740/,"I’m reaching out to share Loki’s fundraiser with this animal-loving community. This GoFundMe is for Loki, and I’m hoping to gather support during a difficult time. If you’re able to donate or pass it along, your support would mean so much. I truly appreciate this community’s kindness. Your support is appreciated (5). https://www.gofundme.com/f/restoring-hope-for-loki"
Dog Lovers Association,,,https://www.facebook.com/groups/301989663212504/,"I hope it’s okay to post a request for support in this animal-loving community. This GoFundMe is for Loki, and I’m hoping to gather support during a difficult time. If this speaks to you, please consider helping in whatever way feels right, including simply sharing the link. Thank you for opening your heart to Loki’s fundraiser. Your support is appreciated (5). https://www.gofundme.com/f/restoring-hope-for-loki"
Dog Lovers Club (USA),,,https://www.facebook.com/groups/dogloverusaaa/,"I’d be grateful to introduce Loki’s GoFundMe to this animal-loving community. This GoFundMe is for Loki, and I’m hoping to gather support during a difficult time. Together, small acts of support can make a meaningful difference for Loki. Thank you for helping spread hope for Loki. Your support is appreciated (5). https://www.gofundme.com/f/restoring-hope-for-loki"
Dog Lovers Community Group,,,https://www.facebook.com/groups/DogLoversCommunityGroup/,"I’m asking this animal-loving community. This GoFundMe is for Loki, and I’m hoping to gather support during a difficult time. Even a small gift or a quick share can extend the circle of care for Loki. Thank you for your compassion. Your support is appreciated (3). https://www.gofundme.com/f/restoring-hope-for-loki"
Dog lovers in the USA,,,https://www.facebook.com/groups/dogloversintheusa/,"Please consider taking a moment to support Loki with this animal-loving community. This GoFundMe is for Loki, and I’m hoping to gather support during a difficult time. Any help you can offer, from a donation to a share, is sincerely appreciated. Thank you for being part of Loki’s support circle. Your support is appreciated (4). https://www.gofundme.com/f/restoring-hope-for-loki"
Dog Lovers In USA,,,https://www.facebook.com/groups/1154878492943658/,"I’m sharing a heartfelt fundraiser for Loki with this animal-loving community. This GoFundMe is for Loki, and I’m hoping to gather support during a difficult time. Every contribution and every share helps build more support around Loki. Thank you for taking the time to help. Your support is appreciated (4). https://www.gofundme.com/f/restoring-hope-for-loki"
Dog Lovers Only,,,https://www.facebook.com/groups/521485715931713/,"I’d appreciate the kindness of this animal-loving community. This GoFundMe is for Loki, and I’m hoping to gather support during a difficult time. Support does not have to be financial: sharing this fundraiser is also a meaningful way to help. Thank you for reading and for any help you can give. Your support is appreciated (6). https://www.gofundme.com/f/restoring-hope-for-loki"
"DOG LOVERS, dog videos, funny dog photos.",,,https://www.facebook.com/groups/1696868493930716/,"I’m hoping this animal-loving community. This GoFundMe is for Loki, and I’m hoping to gather support during a difficult time. A donation of any size can make a real difference, and a share can help this reach someone who is able to give. With gratitude for any support you can offer. Your support is appreciated (6). https://www.gofundme.com/f/restoring-hope-for-loki"
Dog Owners Group,,,https://www.facebook.com/groups/dogownersgroup1/,"I’m inviting this animal-loving community. This GoFundMe is for Loki, and I’m hoping to gather support during a difficult time. Your generosity, whether through a contribution or a share, can help bring hope to Loki. I appreciate this community more than I can say. Your support is appreciated (6). https://www.gofundme.com/f/restoring-hope-for-loki"
Dog Pets Lover❤️,,,https://www.facebook.com/groups/422351765351574/,"I’m posting Loki’s fundraiser for this animal-loving community. This GoFundMe is for Loki, and I’m hoping to gather support during a difficult time. Please keep Loki in mind and share this link if you know someone who may be able to help. Your support and shares are deeply appreciated. Your support is appreciated (5). https://www.gofundme.com/f/restoring-hope-for-loki"
Dog Rescue Los Angeles A place to find your next pet!,,,https://www.facebook.com/groups/dogrescueLosAngeles/,"I’m turning to this animal-loving community. This GoFundMe is for Loki, and I’m hoping to gather support during a difficult time. Please help by donating if you can, or by sharing the fundraiser with others who may want to help. Thank you for caring about Loki. Your support is appreciated (5). https://www.gofundme.com/f/restoring-hope-for-loki"
"Dog Training Advice and Support - Puppy Behavior Help, Owner Tips",,,https://www.facebook.com/groups/362169468492015/,"I’d love to share an opportunity to help Loki with this animal-loving community. This GoFundMe is for Loki, and I’m hoping to gather support during a difficult time. I’m thankful for every person who takes a moment to read, donate, or share Loki’s story. I’m grateful for your time and consideration. Your support is appreciated (6). https://www.gofundme.com/f/restoring-hope-for-loki"
Doggo Memes,,,https://www.facebook.com/groups/897947683968147/,"I’m reaching out to share Loki’s fundraiser with this animal-loving community. This GoFundMe is for Loki, and I’m hoping to gather support during a difficult time. If you’re able to donate or pass it along, your support would mean so much. I truly appreciate this community’s kindness. Your support is appreciated (6). https://www.gofundme.com/f/restoring-hope-for-loki"
doggy dream homes,,,https://www.facebook.com/groups/1029600025145919/,"I hope it’s okay to post a request for support in this animal-loving community. This GoFundMe is for Loki, and I’m hoping to gather support during a difficult time. If this speaks to you, please consider helping in whatever way feels right, including simply sharing the link. Thank you for opening your heart to Loki’s fundraiser. Your support is appreciated (6). https://www.gofundme.com/f/restoring-hope-for-loki"
"DOGS & CATS LOVERS USA,UK & CANADA 🇺🇸🇨🇦",,,https://www.facebook.com/groups/821027096388662/,"I’d be grateful to introduce Loki’s GoFundMe to this animal-loving community. This GoFundMe is for Loki, and I’m hoping to gather support during a difficult time. Together, small acts of support can make a meaningful difference for Loki. Thank you for helping spread hope for Loki. Your support is appreciated (6). https://www.gofundme.com/f/restoring-hope-for-loki"
Dogs & Puppies Group,,,https://www.facebook.com/groups/puppersforsale/,"I’m asking this animal-loving community. This GoFundMe is for Loki, and I’m hoping to gather support during a difficult time. Even a small gift or a quick share can extend the circle of care for Loki. Thank you for your compassion. Your support is appreciated (4). https://www.gofundme.com/f/restoring-hope-for-loki"
"DOGS AND CATS IN NEED OF RESCUES, PLEDGES AND SHARES",,,https://www.facebook.com/groups/581659478710877/,"Please consider taking a moment to support Loki with this animal-loving community. This GoFundMe is for Loki, and I’m hoping to gather support during a difficult time. Any help you can offer, from a donation to a share, is sincerely appreciated. Thank you for being part of Loki’s support circle. Your support is appreciated (5). https://www.gofundme.com/f/restoring-hope-for-loki"
Dogs and Cats Lover - Forever Friends,,,https://www.facebook.com/groups/611152266419651/,"I’m sharing a heartfelt fundraiser for Loki with this animal-loving community. This GoFundMe is for Loki, and I’m hoping to gather support during a difficult time. Every contribution and every share helps build more support around Loki. Thank you for taking the time to help. Your support is appreciated (5). https://www.gofundme.com/f/restoring-hope-for-loki"
Dogs and Cats Lover- Forever Friends,,,https://www.facebook.com/groups/3599755043640918/,"I’d appreciate the kindness of this animal-loving community. This GoFundMe is for Loki, and I’m hoping to gather support during a difficult time. Support does not have to be financial: sharing this fundraiser is also a meaningful way to help. Thank you for reading and for any help you can give. Your support is appreciated (7). https://www.gofundme.com/f/restoring-hope-for-loki"
Dogs and puppies of all breeds,,,https://www.facebook.com/groups/309289519245008/,"I’m hoping this animal-loving community. This GoFundMe is for Loki, and I’m hoping to gather support during a difficult time. A donation of any size can make a real difference, and a share can help this reach someone who is able to give. With gratitude for any support you can offer. Your support is appreciated (7). https://www.gofundme.com/f/restoring-hope-for-loki"
dogs and puppies that need homes free,,,https://www.facebook.com/groups/157966354412234/,"I’m inviting this animal-loving community. This GoFundMe is for Loki, and I’m hoping to gather support during a difficult time. Your generosity, whether through a contribution or a share, can help bring hope to Loki. I appreciate this community more than I can say. Your support is appreciated (7). https://www.gofundme.com/f/restoring-hope-for-loki"
Dogs Are Best Friends,,,https://www.facebook.com/groups/806556121978075/,"I’m posting Loki’s fundraiser for this animal-loving community. This GoFundMe is for Loki, and I’m hoping to gather support during a difficult time. Please keep Loki in mind and share this link if you know someone who may be able to help. Your support and shares are deeply appreciated. Your support is appreciated (6). https://www.gofundme.com/f/restoring-hope-for-loki"
Dogs are better than Humans,,,https://www.facebook.com/groups/dogsarebetter/,"I’m turning to this animal-loving community. This GoFundMe is for Loki, and I’m hoping to gather support during a difficult time. Please help by donating if you can, or by sharing the fundraiser with others who may want to help. Thank you for caring about Loki. Your support is appreciated (6). https://www.gofundme.com/f/restoring-hope-for-loki"
Dogs Are Family,4.7K,,https://www.facebook.com/groups/1223142419565105/,"I’d love to share an opportunity to help Loki with this animal-loving community. This GoFundMe is for Loki, and I’m hoping to gather support during a difficult time. I’m thankful for every person who takes a moment to read, donate, or share Loki’s story. I’m grateful for your time and consideration. Your support is appreciated (7). https://www.gofundme.com/f/restoring-hope-for-loki"
Dogs Are Family - Official Group,,,https://www.facebook.com/groups/dogsarefamilyofficial/,"I’m reaching out to share Loki’s fundraiser with this animal-loving community. This GoFundMe is for Loki, and I’m hoping to gather support during a difficult time. If you’re able to donate or pass it along, your support would mean so much. I truly appreciate this community’s kindness. Your support is appreciated (7). https://www.gofundme.com/f/restoring-hope-for-loki"
dogs are family forever,,,https://www.facebook.com/groups/239682880143503/,"I hope it’s okay to post a request for support in this animal-loving community. This GoFundMe is for Loki, and I’m hoping to gather support during a difficult time. If this speaks to you, please consider helping in whatever way feels right, including simply sharing the link. Thank you for opening your heart to Loki’s fundraiser. Your support is appreciated (7). https://www.gofundme.com/f/restoring-hope-for-loki"
Dogs are good for your happiness,,,https://www.facebook.com/groups/546016254734315/,"I’d be grateful to introduce Loki’s GoFundMe to this animal-loving community. This GoFundMe is for Loki, and I’m hoping to gather support during a difficult time. Together, small acts of support can make a meaningful difference for Loki. Thank you for helping spread hope for Loki. Your support is appreciated (7). https://www.gofundme.com/f/restoring-hope-for-loki"
Dogs Cats are Family,,,https://www.facebook.com/groups/476209703219328/,"I’m asking this animal-loving community. This GoFundMe is for Loki, and I’m hoping to gather support during a difficult time. Even a small gift or a quick share can extend the circle of care for Loki. Thank you for your compassion. Your support is appreciated (5). https://www.gofundme.com/f/restoring-hope-for-loki"
Dogs Changed My Life,,,https://www.facebook.com/groups/dogschangedmylife/,"Please consider taking a moment to support Loki with this animal-loving community. This GoFundMe is for Loki, and I’m hoping to gather support during a difficult time. Any help you can offer, from a donation to a share, is sincerely appreciated. Thank you for being part of Loki’s support circle. Your support is appreciated (6). https://www.gofundme.com/f/restoring-hope-for-loki"
Dogs Go Wuff,,,https://www.facebook.com/groups/wuffball/,"I’m sharing a heartfelt fundraiser for Loki with this animal-loving community. This GoFundMe is for Loki, and I’m hoping to gather support during a difficult time. Every contribution and every share helps build more support around Loki. Thank you for taking the time to help. Your support is appreciated (6). https://www.gofundme.com/f/restoring-hope-for-loki"
Dogs in my heart ❤️,,,https://www.facebook.com/groups/642341887272217/,"I’d appreciate the kindness of this animal-loving community. This GoFundMe is for Loki, and I’m hoping to gather support during a difficult time. Support does not have to be financial: sharing this fundraiser is also a meaningful way to help. Thank you for reading and for any help you can give. Your support is appreciated (8). https://www.gofundme.com/f/restoring-hope-for-loki"
Dogs In Need Of Rescue-USA 🐕 🦺🦮🐕,,,https://www.facebook.com/groups/PassionForCompassionAdoption/,"I’m hoping this animal-loving community. This GoFundMe is for Loki, and I’m hoping to gather support during a difficult time. A donation of any size can make a real difference, and a share can help this reach someone who is able to give. With gratitude for any support you can offer. Your support is appreciated (8). https://www.gofundme.com/f/restoring-hope-for-loki"
Dogs in need! Please help! Tag and share!,,,https://www.facebook.com/groups/617472628365134/,"I’m inviting this animal-loving community. This GoFundMe is for Loki, and I’m hoping to gather support during a difficult time. Your generosity, whether through a contribution or a share, can help bring hope to Loki. I appreciate this community more than I can say. Your support is appreciated (8). https://www.gofundme.com/f/restoring-hope-for-loki"
Dogs In The World🌍🌎🌏,,,https://www.facebook.com/groups/1347859275249774/,"I’m posting Loki’s fundraiser for this animal-loving community. This GoFundMe is for Loki, and I’m hoping to gather support during a difficult time. Please keep Loki in mind and share this link if you know someone who may be able to help. Your support and shares are deeply appreciated. Your support is appreciated (7). https://www.gofundme.com/f/restoring-hope-for-loki"
Dogs K9,,,https://www.facebook.com/groups/340840738852205/,"I’m turning to this animal-loving community. This GoFundMe is for Loki, and I’m hoping to gather support during a difficult time. Please help by donating if you can, or by sharing the fundraiser with others who may want to help. Thank you for caring about Loki. Your support is appreciated (7). https://www.gofundme.com/f/restoring-hope-for-loki"
Dogs Lover Group,,,https://www.facebook.com/groups/357679070441345/,"I’d love to share an opportunity to help Loki with this animal-loving community. This GoFundMe is for Loki, and I’m hoping to gather support during a difficult time. I’m thankful for every person who takes a moment to read, donate, or share Loki’s story. I’m grateful for your time and consideration. Your support is appreciated (8). https://www.gofundme.com/f/restoring-hope-for-loki"
Dogs Lovers Group 💜,,,https://www.facebook.com/groups/767624587087131/,"I’m reaching out to share Loki’s fundraiser with this animal-loving community. This GoFundMe is for Loki, and I’m hoping to gather support during a difficult time. If you’re able to donate or pass it along, your support would mean so much. I truly appreciate this community’s kindness. Your support is appreciated (8). https://www.gofundme.com/f/restoring-hope-for-loki"
Dogs make me happy,,,https://www.facebook.com/groups/393235104739836/,"I hope it’s okay to post a request for support in this animal-loving community. This GoFundMe is for Loki, and I’m hoping to gather support during a difficult time. If this speaks to you, please consider helping in whatever way feels right, including simply sharing the link. Thank you for opening your heart to Loki’s fundraiser. Your support is appreciated (8). https://www.gofundme.com/f/restoring-hope-for-loki"
Dogs Never Lie About Love,,,https://www.facebook.com/groups/664734398677620/,"I’d be grateful to introduce Loki’s GoFundMe to this animal-loving community. This GoFundMe is for Loki, and I’m hoping to gather support during a difficult time. Together, small acts of support can make a meaningful difference for Loki. Thank you for helping spread hope for Loki. Your support is appreciated (8). https://www.gofundme.com/f/restoring-hope-for-loki"
DOGS THAT NEED RESCUE / HOMES / FOSTER,,,https://www.facebook.com/groups/DogsThatNeedRescue.Homes.Foster/,"I’m asking this animal-loving community. This GoFundMe is for Loki, and I’m hoping to gather support during a difficult time. Even a small gift or a quick share can extend the circle of care for Loki. Thank you for your compassion. Your support is appreciated (6). https://www.gofundme.com/f/restoring-hope-for-loki"
Dogs Whisper From Heaven,,,https://www.facebook.com/groups/1440752373370839/,"Please consider taking a moment to support Loki with this animal-loving community. This GoFundMe is for Loki, and I’m hoping to gather support during a difficult time. Any help you can offer, from a donation to a share, is sincerely appreciated. Thank you for being part of Loki’s support circle. Your support is appreciated (7). https://www.gofundme.com/f/restoring-hope-for-loki"
Dogs With Jobs,,,https://www.facebook.com/groups/1312125649817681/,"I’m sharing a heartfelt fundraiser for Loki with this animal-loving community. This GoFundMe is for Loki, and I’m hoping to gather support during a difficult time. Every contribution and every share helps build more support around Loki. Thank you for taking the time to help. Your support is appreciated (7). https://www.gofundme.com/f/restoring-hope-for-loki"
Don't Miss This,,,https://www.facebook.com/groups/276095973400771/,"I’d appreciate the kindness of this caring community. This GoFundMe is for Loki, and I’m hoping to gather support during a difficult time. Support does not have to be financial: sharing this fundraiser is also a meaningful way to help. Thank you for reading and for any help you can give. Your support is appreciated (2). https://www.gofundme.com/f/restoring-hope-for-loki"
Don’t Shop Adopt ( Dog/Cat ) Rehoming Group,,,https://www.facebook.com/groups/241642232629279/,"I’m hoping this animal-loving community. This GoFundMe is for Loki, and I’m hoping to gather support during a difficult time. A donation of any size can make a real difference, and a share can help this reach someone who is able to give. With gratitude for any support you can offer. Your support is appreciated (9). https://www.gofundme.com/f/restoring-hope-for-loki"
Don't Tell Comedy US,,,https://www.facebook.com/groups/1480827532864697/,"I’m inviting this caring community. This GoFundMe is for Loki, and I’m hoping to gather support during a difficult time. Your generosity, whether through a contribution or a share, can help bring hope to Loki. I appreciate this community more than I can say. Your support is appreciated (2). https://www.gofundme.com/f/restoring-hope-for-loki"
Downey Animal Care and Control Volunteer Rescue Group,,,https://www.facebook.com/groups/739263680887862/,"I’m posting Loki’s fundraiser for this animal-loving community. This GoFundMe is for Loki, and I’m hoping to gather support during a difficult time. Please keep Loki in mind and share this link if you know someone who may be able to help. Your support and shares are deeply appreciated. Your support is appreciated (8). https://www.gofundme.com/f/restoring-hope-for-loki"
"East Coast Adoptable Dogs, Cats & other Animals in need",,,https://www.facebook.com/groups/eastcoastadoptable/,"I’m turning to this animal-loving community. This GoFundMe is for Loki, and I’m hoping to gather support during a difficult time. Please help by donating if you can, or by sharing the fundraiser with others who may want to help. Thank you for caring about Loki. Your support is appreciated (8). https://www.gofundme.com/f/restoring-hope-for-loki"
Easy & Delicious Homemade Recipes 2026,,,https://www.facebook.com/groups/1612665708890358/,"I’d love to share an opportunity to help Loki with this caring community. This GoFundMe is for Loki, and I’m hoping to gather support during a difficult time. I’m thankful for every person who takes a moment to read, donate, or share Loki’s story. I’m grateful for your time and consideration. https://www.gofundme.com/f/restoring-hope-for-loki"
Easy & Quickly Recipes Family,,,https://www.facebook.com/groups/3877109555855388/,"I’m reaching out to share Loki’s fundraiser with this caring community. This GoFundMe is for Loki, and I’m hoping to gather support during a difficult time. If you’re able to donate or pass it along, your support would mean so much. I truly appreciate this community’s kindness. Your support is appreciated (1). https://www.gofundme.com/f/restoring-hope-for-loki"
El Dorado Hills & Folsom Small Businesses,,,https://www.facebook.com/groups/206249470606633/,"I hope it’s okay to post a request for support in this caring community. This GoFundMe is for Loki, and I’m hoping to gather support during a difficult time. If this speaks to you, please consider helping in whatever way feels right, including simply sharing the link. Thank you for opening your heart to Loki’s fundraiser. Your support is appreciated (1). https://www.gofundme.com/f/restoring-hope-for-loki"
Faith In Jesus Global,,,https://www.facebook.com/groups/964120917921528/,"I’d be grateful to introduce Loki’s GoFundMe to this faith-filled community. This GoFundMe is for Loki, and I’m hoping to gather support during a difficult time. Together, small acts of support can make a meaningful difference for Loki. Thank you for helping spread hope for Loki. Your support is appreciated (2). https://www.gofundme.com/f/restoring-hope-for-loki"
Family & Ann & princes & follin,,,https://www.facebook.com/groups/897787467359003/,"I’m asking this caring community. This GoFundMe is for Loki, and I’m hoping to gather support during a difficult time. Even a small gift or a quick share can extend the circle of care for Loki. Thank you for your compassion. Your support is appreciated (3). https://www.gofundme.com/f/restoring-hope-for-loki"
Family funnies & motivation,,,https://www.facebook.com/groups/201770208154206/,"Please consider taking a moment to support Loki with this caring community. This GoFundMe is for Loki, and I’m hoping to gather support during a difficult time. Any help you can offer, from a donation to a share, is sincerely appreciated. Thank you for being part of Loki’s support circle. Your support is appreciated (1). https://www.gofundme.com/f/restoring-hope-for-loki"
family group,,,https://www.facebook.com/groups/712819638307504/,"I’m sharing a heartfelt fundraiser for Loki with this caring community. This GoFundMe is for Loki, and I’m hoping to gather support during a difficult time. Every contribution and every share helps build more support around Loki. Thank you for taking the time to help. Your support is appreciated (3). https://www.gofundme.com/f/restoring-hope-for-loki"
Family Group,,,https://www.facebook.com/groups/502435056605502/,"I’d appreciate the kindness of this caring community. This GoFundMe is for Loki, and I’m hoping to gather support during a difficult time. Support does not have to be financial: sharing this fundraiser is also a meaningful way to help. Thank you for reading and for any help you can give. Your support is appreciated (3). https://www.gofundme.com/f/restoring-hope-for-loki"
Family Group,,,https://www.facebook.com/groups/1011008375652256/,"I’m hoping this caring community. This GoFundMe is for Loki, and I’m hoping to gather support during a difficult time. A donation of any size can make a real difference, and a share can help this reach someone who is able to give. With gratitude for any support you can offer. Your support is appreciated (2). https://www.gofundme.com/f/restoring-hope-for-loki"
Family Group,,,https://www.facebook.com/groups/1743454129225453/,"I’m inviting this caring community. This GoFundMe is for Loki, and I’m hoping to gather support during a difficult time. Your generosity, whether through a contribution or a share, can help bring hope to Loki. I appreciate this community more than I can say. Your support is appreciated (3). https://www.gofundme.com/f/restoring-hope-for-loki"
family group,,,https://www.facebook.com/groups/1908824219654539/,"I’m posting Loki’s fundraiser for this caring community. This GoFundMe is for Loki, and I’m hoping to gather support during a difficult time. Please keep Loki in mind and share this link if you know someone who may be able to help. Your support and shares are deeply appreciated. Your support is appreciated (2). https://www.gofundme.com/f/restoring-hope-for-loki"
Family Group,,,https://www.facebook.com/groups/392647334430798/,"I’m turning to this caring community. This GoFundMe is for Loki, and I’m hoping to gather support during a difficult time. Please help by donating if you can, or by sharing the fundraiser with others who may want to help. Thank you for caring about Loki. Your support is appreciated (2). https://www.gofundme.com/f/restoring-hope-for-loki"
Family Love Quotes,,,https://www.facebook.com/groups/familylovequotes/,"I’d love to share an opportunity to help Loki with this caring community. This GoFundMe is for Loki, and I’m hoping to gather support during a difficult time. I’m thankful for every person who takes a moment to read, donate, or share Loki’s story. I’m grateful for your time and consideration. Your support is appreciated (1). https://www.gofundme.com/f/restoring-hope-for-loki"
family over all,,,https://www.facebook.com/groups/1135385064838268/,"I’m reaching out to share Loki’s fundraiser with this caring community. This GoFundMe is for Loki, and I’m hoping to gather support during a difficult time. If you’re able to donate or pass it along, your support would mean so much. I truly appreciate this community’s kindness. Your support is appreciated (2). https://www.gofundme.com/f/restoring-hope-for-loki"
family to family �����,,,https://www.facebook.com/groups/1074874267842244/,"I hope it’s okay to post a request for support in this caring community. This GoFundMe is for Loki, and I’m hoping to gather support during a difficult time. If this speaks to you, please consider helping in whatever way feels right, including simply sharing the link. Thank you for opening your heart to Loki’s fundraiser. Your support is appreciated (2). https://www.gofundme.com/f/restoring-hope-for-loki"
FIF Family Page,,,https://www.facebook.com/groups/201444480299839/,"I’d be grateful to introduce Loki’s GoFundMe to this caring community. This GoFundMe is for Loki, and I’m hoping to gather support during a difficult time. Together, small acts of support can make a meaningful difference for Loki. Thank you for helping spread hope for Loki. Your support is appreciated (2). https://www.gofundme.com/f/restoring-hope-for-loki"
Follow in Jesus' Footsteps,,,https://www.facebook.com/groups/796264921290806/,"I’m asking this faith-filled community. This GoFundMe is for Loki, and I’m hoping to gather support during a difficult time. Even a small gift or a quick share can extend the circle of care for Loki. Thank you for your compassion. Your support is appreciated (2). https://www.gofundme.com/f/restoring-hope-for-loki"
Follow Jesus,,,https://www.facebook.com/groups/1294934408256978/,"Please consider taking a moment to support Loki with this faith-filled community. This GoFundMe is for Loki, and I’m hoping to gather support during a difficult time. Any help you can offer, from a donation to a share, is sincerely appreciated. Thank you for being part of Loki’s support circle. Your support is appreciated (4). https://www.gofundme.com/f/restoring-hope-for-loki"
Follow Jesus Christ,727K,,https://www.facebook.com/groups/1671042393200108/,"I’m sharing a heartfelt fundraiser for Loki with this faith-filled community. This GoFundMe is for Loki, and I’m hoping to gather support during a difficult time. Every contribution and every share helps build more support around Loki. Thank you for taking the time to help. Your support is appreciated (2). https://www.gofundme.com/f/restoring-hope-for-loki"
Follow Jesus Christ,,,https://www.facebook.com/groups/jesuschristsavior/,"I’d appreciate the kindness of this faith-filled community. This GoFundMe is for Loki, and I’m hoping to gather support during a difficult time. Support does not have to be financial: sharing this fundraiser is also a meaningful way to help. Thank you for reading and for any help you can give. Your support is appreciated (1). https://www.gofundme.com/f/restoring-hope-for-loki"
Follow Jesus Christ,,,https://www.facebook.com/groups/887124639465009/,"I’m hoping this faith-filled community. This GoFundMe is for Loki, and I’m hoping to gather support during a difficult time. A donation of any size can make a real difference, and a share can help this reach someone who is able to give. With gratitude for any support you can offer. Your support is appreciated (1). https://www.gofundme.com/f/restoring-hope-for-loki"
Follow the Lord,219K,,https://www.facebook.com/groups/526481952309612/,"I’m inviting this caring community. This GoFundMe is for Loki, and I’m hoping to gather support during a difficult time. Your generosity, whether through a contribution or a share, can help bring hope to Loki. I appreciate this community more than I can say. Your support is appreciated (4). https://www.gofundme.com/f/restoring-hope-for-loki"
Follow the Lord Jesus,,Last active 8 minutes ago,https://www.facebook.com/groups/1043436032939848/,"I’m posting Loki’s fundraiser for this faith-filled community. This GoFundMe is for Loki, and I’m hoping to gather support during a difficult time. Please keep Loki in mind and share this link if you know someone who may be able to help. Your support and shares are deeply appreciated. Your support is appreciated (2). https://www.gofundme.com/f/restoring-hope-for-loki"
Follow the Lord Jesus Christ,,,https://www.facebook.com/groups/1112086659510735/,"I’m turning to this faith-filled community. This GoFundMe is for Loki, and I’m hoping to gather support during a difficult time. Please help by donating if you can, or by sharing the fundraiser with others who may want to help. Thank you for caring about Loki. Your support is appreciated (2). https://www.gofundme.com/f/restoring-hope-for-loki"
Following Jesus' Footsteps,,,https://www.facebook.com/groups/750112390634491/,"I’d love to share an opportunity to help Loki with this faith-filled community. This GoFundMe is for Loki, and I’m hoping to gather support during a difficult time. I’m thankful for every person who takes a moment to read, donate, or share Loki’s story. I’m grateful for your time and consideration. Your support is appreciated (3). https://www.gofundme.com/f/restoring-hope-for-loki"
Foster - Dog - Rescue Match (L.A.),,,https://www.facebook.com/groups/500860349931062/,"I’m reaching out to share Loki’s fundraiser with this animal-loving community. This GoFundMe is for Loki, and I’m hoping to gather support during a difficult time. If you’re able to donate or pass it along, your support would mean so much. I truly appreciate this community’s kindness. Your support is appreciated (9). https://www.gofundme.com/f/restoring-hope-for-loki"
Free Chihuahua Puppies for Adoption,,,https://www.facebook.com/groups/1049803635671111/,"I hope it’s okay to post a request for support in this caring community. This GoFundMe is for Loki, and I’m hoping to gather support during a difficult time. If this speaks to you, please consider helping in whatever way feels right, including simply sharing the link. Thank you for opening your heart to Loki’s fundraiser. Your support is appreciated (3). https://www.gofundme.com/f/restoring-hope-for-loki"
Free dog adoption(free),,,https://www.facebook.com/groups/1741037439631562/,"I’d be grateful to introduce Loki’s GoFundMe to this animal-loving community. This GoFundMe is for Loki, and I’m hoping to gather support during a difficult time. Together, small acts of support can make a meaningful difference for Loki. Thank you for helping spread hope for Loki. Your support is appreciated (9). https://www.gofundme.com/f/restoring-hope-for-loki"
FREE HEAVEN THROUGH JESUS,,,https://www.facebook.com/groups/2182450601797337/,"I’m asking this faith-filled community. This GoFundMe is for Loki, and I’m hoping to gather support during a difficult time. Even a small gift or a quick share can extend the circle of care for Loki. Thank you for your compassion. Your support is appreciated (3). https://www.gofundme.com/f/restoring-hope-for-loki"
Free Pitbull puppies,,,https://www.facebook.com/groups/667358628801825/,"Please consider taking a moment to support Loki with this caring community. This GoFundMe is for Loki, and I’m hoping to gather support during a difficult time. Any help you can offer, from a donation to a share, is sincerely appreciated. Thank you for being part of Loki’s support circle. Your support is appreciated (2). https://www.gofundme.com/f/restoring-hope-for-loki"
Friends of Farmed Animals~♥️🐄🐖🐑🐐🐓,,,https://www.facebook.com/groups/300549232450307/,"I’m sharing a heartfelt fundraiser for Loki with this animal-loving community. This GoFundMe is for Loki, and I’m hoping to gather support during a difficult time. Every contribution and every share helps build more support around Loki. Thank you for taking the time to help. Your support is appreciated (8). https://www.gofundme.com/f/restoring-hope-for-loki"
Friends Who Like Jesus Daily LIFE,,,https://www.facebook.com/groups/600585473464932/,"I’d appreciate the kindness of this faith-filled community. This GoFundMe is for Loki, and I’m hoping to gather support during a difficult time. Support does not have to be financial: sharing this fundraiser is also a meaningful way to help. Thank you for reading and for any help you can give. Your support is appreciated (2). https://www.gofundme.com/f/restoring-hope-for-loki"
Friends who love Jesus 💓👫,,,https://www.facebook.com/groups/1712756419074755/,"I’m hoping this faith-filled community. This GoFundMe is for Loki, and I’m hoping to gather support during a difficult time. A donation of any size can make a real difference, and a share can help this reach someone who is able to give. With gratitude for any support you can offer. Your support is appreciated (2). https://www.gofundme.com/f/restoring-hope-for-loki"
FUNDRAISERS FOR ANIMALS IN NEED--WORLDWIDE,6.3K,10 posts a day,https://www.facebook.com/groups/1402274099910218/,"I’m inviting this animal-loving community. This GoFundMe is for Loki, and I’m hoping to gather support during a difficult time. Your generosity, whether through a contribution or a share, can help bring hope to Loki. I appreciate this community more than I can say. Your support is appreciated (9). https://www.gofundme.com/f/restoring-hope-for-loki"
Funny Animals,,,https://www.facebook.com/groups/301918671586162/,"I’m posting Loki’s fundraiser for this animal-loving community. This GoFundMe is for Loki, and I’m hoping to gather support during a difficult time. Please keep Loki in mind and share this link if you know someone who may be able to help. Your support and shares are deeply appreciated. Your support is appreciated (9). https://www.gofundme.com/f/restoring-hope-for-loki"
FUNNY ANIMALS VIDEO,,,https://www.facebook.com/groups/1512308289076538/,"I’m turning to this animal-loving community. This GoFundMe is for Loki, and I’m hoping to gather support during a difficult time. Please help by donating if you can, or by sharing the fundraiser with others who may want to help. Thank you for caring about Loki. Your support is appreciated (9). https://www.gofundme.com/f/restoring-hope-for-loki"
Funny Dog Videos,,,https://www.facebook.com/groups/885625990444992/,"I’d love to share an opportunity to help Loki with this animal-loving community. This GoFundMe is for Loki, and I’m hoping to gather support during a difficult time. I’m thankful for every person who takes a moment to read, donate, or share Loki’s story. I’m grateful for your time and consideration. Your support is appreciated (9). https://www.gofundme.com/f/restoring-hope-for-loki"
Funny Dogs Clips,,,https://www.facebook.com/groups/1429630791301766/,"I’m reaching out to share Loki’s fundraiser with this animal-loving community. This GoFundMe is for Loki, and I’m hoping to gather support during a difficult time. If you’re able to donate or pass it along, your support would mean so much. I truly appreciate this community’s kindness. Your support is appreciated (10). https://www.gofundme.com/f/restoring-hope-for-loki"
Funny The Dog Meeka,,,https://www.facebook.com/groups/funnythedogmeeka/,"I hope it’s okay to post a request for support in this animal-loving community. This GoFundMe is for Loki, and I’m hoping to gather support during a difficult time. If this speaks to you, please consider helping in whatever way feels right, including simply sharing the link. Thank you for opening your heart to Loki’s fundraiser. Your support is appreciated (9). https://www.gofundme.com/f/restoring-hope-for-loki"
Furever Home Animal Rescue,,,https://www.facebook.com/groups/1594787164103792/,"I’d be grateful to introduce Loki’s GoFundMe to this animal-loving community. This GoFundMe is for Loki, and I’m hoping to gather support during a difficult time. Together, small acts of support can make a meaningful difference for Loki. Thank you for helping spread hope for Loki. Your support is appreciated (10). https://www.gofundme.com/f/restoring-hope-for-loki"
German Shepherd Central,79K,10 posts a day,https://www.facebook.com/groups/germanshepherdcentral/,"I’m asking this caring community. This GoFundMe is for Loki, and I’m hoping to gather support during a difficult time. Even a small gift or a quick share can extend the circle of care for Loki. Thank you for your compassion. Your support is appreciated (4). https://www.gofundme.com/f/restoring-hope-for-loki"
German Shepherd Club,41K,,https://www.facebook.com/groups/280193864337827/,"Please consider taking a moment to support Loki with this caring community. This GoFundMe is for Loki, and I’m hoping to gather support during a difficult time. Any help you can offer, from a donation to a share, is sincerely appreciated. Thank you for being part of Loki’s support circle. Your support is appreciated (3). https://www.gofundme.com/f/restoring-hope-for-loki"
German Shepherd Community,36K,,https://www.facebook.com/groups/756585175928630/,"I’m sharing a heartfelt fundraiser for Loki with this caring community. This GoFundMe is for Loki, and I’m hoping to gather support during a difficult time. Every contribution and every share helps build more support around Loki. Thank you for taking the time to help. Your support is appreciated (4). https://www.gofundme.com/f/restoring-hope-for-loki"
German Shepherd Community,44K,9 posts a day,https://www.facebook.com/groups/gsdcommunityus/,"I’d appreciate the kindness of this caring community. This GoFundMe is for Loki, and I’m hoping to gather support during a difficult time. Support does not have to be financial: sharing this fundraiser is also a meaningful way to help. Thank you for reading and for any help you can give. Your support is appreciated (4). https://www.gofundme.com/f/restoring-hope-for-loki"
German Shepherd Family,16K,,https://www.facebook.com/groups/1149829326623041/,"I’m hoping this caring community. This GoFundMe is for Loki, and I’m hoping to gather support during a difficult time. A donation of any size can make a real difference, and a share can help this reach someone who is able to give. With gratitude for any support you can offer. Your support is appreciated (3). https://www.gofundme.com/f/restoring-hope-for-loki"
German Shepherd Owners,23K,,https://www.facebook.com/groups/933628297807123/,"I’m inviting this caring community. This GoFundMe is for Loki, and I’m hoping to gather support during a difficult time. Your generosity, whether through a contribution or a share, can help bring hope to Loki. I appreciate this community more than I can say. Your support is appreciated (5). https://www.gofundme.com/f/restoring-hope-for-loki"
German Shepherd Owners,236K,,https://www.facebook.com/groups/gsdowners1/,"I’m posting Loki’s fundraiser for this caring community. This GoFundMe is for Loki, and I’m hoping to gather support during a difficult time. Please keep Loki in mind and share this link if you know someone who may be able to help. Your support and shares are deeply appreciated. Your support is appreciated (3). https://www.gofundme.com/f/restoring-hope-for-loki"
"German Shepherd, Belgian Malinois & Herding Dogs Rescue Network",,,https://www.facebook.com/groups/451239064932765/,"I’m turning to this animal-loving community. This GoFundMe is for Loki, and I’m hoping to gather support during a difficult time. Please help by donating if you can, or by sharing the fundraiser with others who may want to help. Thank you for caring about Loki. Your support is appreciated (10). https://www.gofundme.com/f/restoring-hope-for-loki"
German Shepherds Family,,,https://www.facebook.com/groups/germanshepherdsfamily/,"I’d love to share an opportunity to help Loki with this caring community. This GoFundMe is for Loki, and I’m hoping to gather support during a difficult time. I’m thankful for every person who takes a moment to read, donate, or share Loki’s story. I’m grateful for your time and consideration. Your support is appreciated (2). https://www.gofundme.com/f/restoring-hope-for-loki"
GOD FIRST family,,Last active 43 minutes ago,https://www.facebook.com/groups/1686690041620157/,"I’m reaching out to share Loki’s fundraiser with this faith-filled community. This GoFundMe is for Loki, and I’m hoping to gather support during a difficult time. If you’re able to donate or pass it along, your support would mean so much. I truly appreciate this community’s kindness. Your support is appreciated (2). https://www.gofundme.com/f/restoring-hope-for-loki"
God Is With Me,111K,10 posts a day,https://www.facebook.com/groups/1540902533257868/,"I hope it’s okay to post a request for support in this faith-filled community. This GoFundMe is for Loki, and I’m hoping to gather support during a difficult time. If this speaks to you, please consider helping in whatever way feels right, including simply sharing the link. Thank you for opening your heart to Loki’s fundraiser. Your support is appreciated (3). https://www.gofundme.com/f/restoring-hope-for-loki"
God’s Grace,30K,,https://www.facebook.com/groups/9288338987909400/,"I’d be grateful to introduce Loki’s GoFundMe to this faith-filled community. This GoFundMe is for Loki, and I’m hoping to gather support during a difficult time. Together, small acts of support can make a meaningful difference for Loki. Thank you for helping spread hope for Loki. Your support is appreciated (3). https://www.gofundme.com/f/restoring-hope-for-loki"
Gofundme DOGS,,,https://www.facebook.com/groups/1116659289219072/,"I’m asking this animal-loving community. This GoFundMe is for Loki, and I’m hoping to gather support during a difficult time. Even a small gift or a quick share can extend the circle of care for Loki. Thank you for your compassion. Your support is appreciated (7). https://www.gofundme.com/f/restoring-hope-for-loki"
Good Dogs Group,,,https://www.facebook.com/groups/269377996960717/,"Please consider taking a moment to support Loki with this animal-loving community. This GoFundMe is for Loki, and I’m hoping to gather support during a difficult time. Any help you can offer, from a donation to a share, is sincerely appreciated. Thank you for being part of Loki’s support circle. Your support is appreciated (8). https://www.gofundme.com/f/restoring-hope-for-loki"
Grayhound Family,,,https://www.facebook.com/groups/1480521419183911/,"I’m sharing a heartfelt fundraiser for Loki with this caring community. This GoFundMe is for Loki, and I’m hoping to gather support during a difficult time. Every contribution and every share helps build more support around Loki. Thank you for taking the time to help. Your support is appreciated (5). https://www.gofundme.com/f/restoring-hope-for-loki"
Great Dane Family,,,https://www.facebook.com/groups/249609837884276/,"I’d appreciate the kindness of this animal-loving community. This GoFundMe is for Loki, and I’m hoping to gather support during a difficult time. Support does not have to be financial: sharing this fundraiser is also a meaningful way to help. Thank you for reading and for any help you can give. Your support is appreciated (9). https://www.gofundme.com/f/restoring-hope-for-loki"
Group of Dogs and Friends,,,https://www.facebook.com/groups/364581999975653/,"I’m hoping this animal-loving community. This GoFundMe is for Loki, and I’m hoping to gather support during a difficult time. A donation of any size can make a real difference, and a share can help this reach someone who is able to give. With gratitude for any support you can offer. Your support is appreciated (10). https://www.gofundme.com/f/restoring-hope-for-loki"
HANV JEZU JIVO ANI ZOITIVONT DEV(JESUS YOUR LIVING AND VICTORIOUS GOD),,,https://www.facebook.com/groups/3068157253492964/,"I’m inviting this faith-filled community. This GoFundMe is for Loki, and I’m hoping to gather support during a difficult time. Your generosity, whether through a contribution or a share, can help bring hope to Loki. I appreciate this community more than I can say. Your support is appreciated (1). https://www.gofundme.com/f/restoring-hope-for-loki"
Happy Dog Cat Animal,,,https://www.facebook.com/groups/dogcatus/,"I’m posting Loki’s fundraiser for this animal-loving community. This GoFundMe is for Loki, and I’m hoping to gather support during a difficult time. Please keep Loki in mind and share this link if you know someone who may be able to help. Your support and shares are deeply appreciated. Your support is appreciated (10). https://www.gofundme.com/f/restoring-hope-for-loki"
Healthy Natural Dog,,,https://www.facebook.com/groups/343503394620348/,"I’m turning to this animal-loving community. This GoFundMe is for Loki, and I’m hoping to gather support during a difficult time. Please help by donating if you can, or by sharing the fundraiser with others who may want to help. Thank you for caring about Loki. Your support is appreciated (11). https://www.gofundme.com/f/restoring-hope-for-loki"
HELPING ALL ANIMALS IN ALL PARTS OF THE WORLD,,,https://www.facebook.com/groups/1487394204734433/,"I’d love to share an opportunity to help Loki with this animal-loving community. This GoFundMe is for Loki, and I’m hoping to gather support during a difficult time. I’m thankful for every person who takes a moment to read, donate, or share Loki’s story. I’m grateful for your time and consideration. Your support is appreciated (10). https://www.gofundme.com/f/restoring-hope-for-loki"
Helping Dogs Get Adopted,,,https://www.facebook.com/groups/1117843567117855/,"I’m reaching out to share Loki’s fundraiser with this animal-loving community. This GoFundMe is for Loki, and I’m hoping to gather support during a difficult time. If you’re able to donate or pass it along, your support would mean so much. I truly appreciate this community’s kindness. Your support is appreciated (11). https://www.gofundme.com/f/restoring-hope-for-loki"
HELPING HAND RESCUE GROUP FOR DOGS AND CATS,,,https://www.facebook.com/groups/200319930077820/,"I hope it’s okay to post a request for support in this animal-loving community. This GoFundMe is for Loki, and I’m hoping to gather support during a difficult time. If this speaks to you, please consider helping in whatever way feels right, including simply sharing the link. Thank you for opening your heart to Loki’s fundraiser. Your support is appreciated (10). https://www.gofundme.com/f/restoring-hope-for-loki"
Helping with vet bills when someones in need!,8.8K,10 posts a day,https://www.facebook.com/groups/403237335791278/,"I’d be grateful to introduce Loki’s GoFundMe to this caring community. This GoFundMe is for Loki, and I’m hoping to gather support during a difficult time. Together, small acts of support can make a meaningful difference for Loki. Thank you for helping spread hope for Loki. Your support is appreciated (3). https://www.gofundme.com/f/restoring-hope-for-loki"
Holy Bible,206K,,https://www.facebook.com/groups/515670837968255/,"I’m asking this caring community. This GoFundMe is for Loki, and I’m hoping to gather support during a difficult time. Even a small gift or a quick share can extend the circle of care for Loki. Thank you for your compassion. Your support is appreciated (5). https://www.gofundme.com/f/restoring-hope-for-loki"
Holy Family Pray For Our Family,,,https://www.facebook.com/groups/1406970473051288/,"Please consider taking a moment to support Loki with this caring community. This GoFundMe is for Loki, and I’m hoping to gather support during a difficult time. Any help you can offer, from a donation to a share, is sincerely appreciated. Thank you for being part of Loki’s support circle. Your support is appreciated (4). https://www.gofundme.com/f/restoring-hope-for-loki"
Homemade Dog Food Recipes,,,https://www.facebook.com/groups/1255210916056146/,"I’m sharing a heartfelt fundraiser for Loki with this animal-loving community. This GoFundMe is for Loki, and I’m hoping to gather support during a difficult time. Every contribution and every share helps build more support around Loki. Thank you for taking the time to help. Your support is appreciated (9). https://www.gofundme.com/f/restoring-hope-for-loki"
Homemade dog food recipes,,,https://www.facebook.com/groups/3811403639186117/,"I’d appreciate the kindness of this animal-loving community. This GoFundMe is for Loki, and I’m hoping to gather support during a difficult time. Support does not have to be financial: sharing this fundraiser is also a meaningful way to help. Thank you for reading and for any help you can give. Your support is appreciated (10). https://www.gofundme.com/f/restoring-hope-for-loki"
Homing/Rehoming Dogs and Puppies,,,https://www.facebook.com/groups/1362808814604411/,"I’m hoping this animal-loving community. This GoFundMe is for Loki, and I’m hoping to gather support during a difficult time. A donation of any size can make a real difference, and a share can help this reach someone who is able to give. With gratitude for any support you can offer. Your support is appreciated (11). https://www.gofundme.com/f/restoring-hope-for-loki"
Hound Dogs Rescue Dog USA Hounds Beagle Basset Coonhound Cur Foxhound Plott,,,https://www.facebook.com/groups/596048162575430/,"I’m inviting this animal-loving community. This GoFundMe is for Loki, and I’m hoping to gather support during a difficult time. Your generosity, whether through a contribution or a share, can help bring hope to Loki. I appreciate this community more than I can say. Your support is appreciated (10). https://www.gofundme.com/f/restoring-hope-for-loki"
Housing..apartments.. and help for the disabled and low income families,,,https://www.facebook.com/groups/1645811705664485/,"I’m posting Loki’s fundraiser for this caring community. This GoFundMe is for Loki, and I’m hoping to gather support during a difficult time. Please keep Loki in mind and share this link if you know someone who may be able to help. Your support and shares are deeply appreciated. Your support is appreciated (4). https://www.gofundme.com/f/restoring-hope-for-loki"
I Dont Want To Die.Californias Networking Group.《Rescue》 《Foster》《Adopt》,,,https://www.facebook.com/groups/262056851199369/,"I’m turning to this animal-loving community. This GoFundMe is for Loki, and I’m hoping to gather support during a difficult time. Please help by donating if you can, or by sharing the fundraiser with others who may want to help. Thank you for caring about Loki. Your support is appreciated (12). https://www.gofundme.com/f/restoring-hope-for-loki"
I Love Dogs,,,https://www.facebook.com/groups/107414446522214/,"I’d love to share an opportunity to help Loki with this animal-loving community. This GoFundMe is for Loki, and I’m hoping to gather support during a difficult time. I’m thankful for every person who takes a moment to read, donate, or share Loki’s story. I’m grateful for your time and consideration. Your support is appreciated (11). https://www.gofundme.com/f/restoring-hope-for-loki"
I Love Dogs,,,https://www.facebook.com/groups/748413687051579/,"I’m reaching out to share Loki’s fundraiser with this animal-loving community. This GoFundMe is for Loki, and I’m hoping to gather support during a difficult time. If you’re able to donate or pass it along, your support would mean so much. I truly appreciate this community’s kindness. Your support is appreciated (12). https://www.gofundme.com/f/restoring-hope-for-loki"
I Love Dogs,,,https://www.facebook.com/groups/1270687060412132/,"I hope it’s okay to post a request for support in this animal-loving community. This GoFundMe is for Loki, and I’m hoping to gather support during a difficult time. If this speaks to you, please consider helping in whatever way feels right, including simply sharing the link. Thank you for opening your heart to Loki’s fundraiser. Your support is appreciated (11). https://www.gofundme.com/f/restoring-hope-for-loki"
I Love Dogs 💖💖,,,https://www.facebook.com/groups/worlddogpoints/,"I’d be grateful to introduce Loki’s GoFundMe to this animal-loving community. This GoFundMe is for Loki, and I’m hoping to gather support during a difficult time. Together, small acts of support can make a meaningful difference for Loki. Thank you for helping spread hope for Loki. Your support is appreciated (11). https://www.gofundme.com/f/restoring-hope-for-loki"
I Love Dogs We need them ❤,,,https://www.facebook.com/groups/1535918383212739/,"I’m asking this animal-loving community. This GoFundMe is for Loki, and I’m hoping to gather support during a difficult time. Even a small gift or a quick share can extend the circle of care for Loki. Thank you for your compassion. Your support is appreciated (8). https://www.gofundme.com/f/restoring-hope-for-loki"
I Love Jesus,,,https://www.facebook.com/groups/3659765997672742/,"Please consider taking a moment to support Loki with this faith-filled community. This GoFundMe is for Loki, and I’m hoping to gather support during a difficult time. Any help you can offer, from a donation to a share, is sincerely appreciated. Thank you for being part of Loki’s support circle. Your support is appreciated (5). https://www.gofundme.com/f/restoring-hope-for-loki"
ignore this,7.9K,,https://www.facebook.com/groups/1092339925583797/,"I’m sharing a heartfelt fundraiser for Loki with this caring community. This GoFundMe is for Loki, and I’m hoping to gather support during a difficult time. Every contribution and every share helps build more support around Loki. Thank you for taking the time to help. Your support is appreciated (6). https://www.gofundme.com/f/restoring-hope-for-loki"
Inspiring Bible Verses and Prayers,45K,,https://www.facebook.com/groups/3807180446275021/,"I’d appreciate the kindness of this faith-filled community. This GoFundMe is for Loki, and I’m hoping to gather support during a difficult time. Support does not have to be financial: sharing this fundraiser is also a meaningful way to help. Thank you for reading and for any help you can give. Your support is appreciated (3). https://www.gofundme.com/f/restoring-hope-for-loki"
Inspiring Positive Quotes,39K,,https://www.facebook.com/groups/1153061699325461/,"I’m hoping this caring community. This GoFundMe is for Loki, and I’m hoping to gather support during a difficult time. A donation of any size can make a real difference, and a share can help this reach someone who is able to give. With gratitude for any support you can offer. Your support is appreciated (4). https://www.gofundme.com/f/restoring-hope-for-loki"
Irish Wolfhound Family,,,https://www.facebook.com/groups/825149716637700/,"I’m inviting this caring community. This GoFundMe is for Loki, and I’m hoping to gather support during a difficult time. Your generosity, whether through a contribution or a share, can help bring hope to Loki. I appreciate this community more than I can say. Your support is appreciated (6). https://www.gofundme.com/f/restoring-hope-for-loki"
Jesus & Mary🙏My Savior,,,https://www.facebook.com/groups/741720705996171/,"I’m posting Loki’s fundraiser for this faith-filled community. This GoFundMe is for Loki, and I’m hoping to gather support during a difficult time. Please keep Loki in mind and share this link if you know someone who may be able to help. Your support and shares are deeply appreciated. Your support is appreciated (3). https://www.gofundme.com/f/restoring-hope-for-loki"
Jesus 24/7,,,https://www.facebook.com/groups/527268738784385/,"I’m turning to this faith-filled community. This GoFundMe is for Loki, and I’m hoping to gather support during a difficult time. Please help by donating if you can, or by sharing the fundraiser with others who may want to help. Thank you for caring about Loki. Your support is appreciated (3). https://www.gofundme.com/f/restoring-hope-for-loki"
Jesus and Mary Daily Words,,,https://www.facebook.com/groups/1993754897693855/,"I’d love to share an opportunity to help Loki with this faith-filled community. This GoFundMe is for Loki, and I’m hoping to gather support during a difficult time. I’m thankful for every person who takes a moment to read, donate, or share Loki’s story. I’m grateful for your time and consideration. Your support is appreciated (4). https://www.gofundme.com/f/restoring-hope-for-loki"
Jesus and the Bible.,,,https://www.facebook.com/groups/574730348687403/,"I’m reaching out to share Loki’s fundraiser with this faith-filled community. This GoFundMe is for Loki, and I’m hoping to gather support during a difficult time. If you’re able to donate or pass it along, your support would mean so much. I truly appreciate this community’s kindness. Your support is appreciated (3). https://www.gofundme.com/f/restoring-hope-for-loki"
Jesus Backs Me,,,https://www.facebook.com/groups/973667514392518/,"I hope it’s okay to post a request for support in this faith-filled community. This GoFundMe is for Loki, and I’m hoping to gather support during a difficult time. If this speaks to you, please consider helping in whatever way feels right, including simply sharing the link. Thank you for opening your heart to Loki’s fundraiser. Your support is appreciated (4). https://www.gofundme.com/f/restoring-hope-for-loki"
JESUS CHRIST,,Last active about a minute ago,https://www.facebook.com/groups/1958134071672495/,"I’d be grateful to introduce Loki’s GoFundMe to this faith-filled community. This GoFundMe is for Loki, and I’m hoping to gather support during a difficult time. Together, small acts of support can make a meaningful difference for Loki. Thank you for helping spread hope for Loki. Your support is appreciated (4). https://www.gofundme.com/f/restoring-hope-for-loki"
Jesus Christ,139K,,https://www.facebook.com/groups/379843912426258/,"I’m asking this faith-filled community. This GoFundMe is for Loki, and I’m hoping to gather support during a difficult time. Even a small gift or a quick share can extend the circle of care for Loki. Thank you for your compassion. Your support is appreciated (4). https://www.gofundme.com/f/restoring-hope-for-loki"
JESUS CHRIST,,,https://www.facebook.com/groups/692288384827844/,"Please consider taking a moment to support Loki with this faith-filled community. This GoFundMe is for Loki, and I’m hoping to gather support during a difficult time. Any help you can offer, from a donation to a share, is sincerely appreciated. Thank you for being part of Loki’s support circle. Your support is appreciated (6). https://www.gofundme.com/f/restoring-hope-for-loki"
Jesus Christ,,,https://www.facebook.com/groups/386535404695653/,"I’m sharing a heartfelt fundraiser for Loki with this faith-filled community. This GoFundMe is for Loki, and I’m hoping to gather support during a difficult time. Every contribution and every share helps build more support around Loki. Thank you for taking the time to help. Your support is appreciated (3). https://www.gofundme.com/f/restoring-hope-for-loki"
Jesus Christ,,,https://www.facebook.com/groups/1136429674488814/,"I’d appreciate the kindness of this faith-filled community. This GoFundMe is for Loki, and I’m hoping to gather support during a difficult time. Support does not have to be financial: sharing this fundraiser is also a meaningful way to help. Thank you for reading and for any help you can give. Your support is appreciated (4). https://www.gofundme.com/f/restoring-hope-for-loki"
JESUS Christ 💕💕,11K,,https://www.facebook.com/groups/736451626925129/,"I’m hoping this faith-filled community. This GoFundMe is for Loki, and I’m hoping to gather support during a difficult time. A donation of any size can make a real difference, and a share can help this reach someone who is able to give. With gratitude for any support you can offer. Your support is appreciated (3). https://www.gofundme.com/f/restoring-hope-for-loki"
Jesus Christ is God,,,https://www.facebook.com/groups/JesusChristIsGod/,"I’m inviting this faith-filled community. This GoFundMe is for Loki, and I’m hoping to gather support during a difficult time. Your generosity, whether through a contribution or a share, can help bring hope to Loki. I appreciate this community more than I can say. Your support is appreciated (2). https://www.gofundme.com/f/restoring-hope-for-loki"
Jesus Christ is Lord,,,https://www.facebook.com/groups/1304376866738098/,"I’m posting Loki’s fundraiser for this faith-filled community. This GoFundMe is for Loki, and I’m hoping to gather support during a difficult time. Please keep Loki in mind and share this link if you know someone who may be able to help. Your support and shares are deeply appreciated. Your support is appreciated (4). https://www.gofundme.com/f/restoring-hope-for-loki"
Jesus Christ is Lord✝️,,Last active 3 minutes ago,https://www.facebook.com/groups/557737292922018/,"I’m turning to this faith-filled community. This GoFundMe is for Loki, and I’m hoping to gather support during a difficult time. Please help by donating if you can, or by sharing the fundraiser with others who may want to help. Thank you for caring about Loki. Your support is appreciated (4). https://www.gofundme.com/f/restoring-hope-for-loki"
JESUS CHRIST IS OUR HOPE JESUS LOVES YOU! !!,,,https://www.facebook.com/groups/452908818236978/,"I’d love to share an opportunity to help Loki with this faith-filled community. This GoFundMe is for Loki, and I’m hoping to gather support during a difficult time. I’m thankful for every person who takes a moment to read, donate, or share Loki’s story. I’m grateful for your time and consideration. Your support is appreciated (5). https://www.gofundme.com/f/restoring-hope-for-loki"
JESUS CHRIST IS RISEN,,,https://www.facebook.com/groups/1656450694894133/,"I’m reaching out to share Loki’s fundraiser with this faith-filled community. This GoFundMe is for Loki, and I’m hoping to gather support during a difficult time. If you’re able to donate or pass it along, your support would mean so much. I truly appreciate this community’s kindness. Your support is appreciated (4). https://www.gofundme.com/f/restoring-hope-for-loki"
Jesus Christ is The Answer,,,https://www.facebook.com/groups/1961519410875933/,"I hope it’s okay to post a request for support in this faith-filled community. This GoFundMe is for Loki, and I’m hoping to gather support during a difficult time. If this speaks to you, please consider helping in whatever way feels right, including simply sharing the link. Thank you for opening your heart to Loki’s fundraiser. Your support is appreciated (5). https://www.gofundme.com/f/restoring-hope-for-loki"
Jesus Christ the only way (John 14:6),,,https://www.facebook.com/groups/410696912421491/,"I’d be grateful to introduce Loki’s GoFundMe to this faith-filled community. This GoFundMe is for Loki, and I’m hoping to gather support during a difficult time. Together, small acts of support can make a meaningful difference for Loki. Thank you for helping spread hope for Loki. Your support is appreciated (5). https://www.gofundme.com/f/restoring-hope-for-loki"
Jesus daily,187K,,https://www.facebook.com/groups/1682291812198860/,"I’m asking this faith-filled community. This GoFundMe is for Loki, and I’m hoping to gather support during a difficult time. Even a small gift or a quick share can extend the circle of care for Loki. Thank you for your compassion. Your support is appreciated (5). https://www.gofundme.com/f/restoring-hope-for-loki"
Jesus Daily,,,https://www.facebook.com/groups/MaryJesusdaily/,"Please consider taking a moment to support Loki with this faith-filled community. This GoFundMe is for Loki, and I’m hoping to gather support during a difficult time. Any help you can offer, from a donation to a share, is sincerely appreciated. Thank you for being part of Loki’s support circle. Your support is appreciated (7). https://www.gofundme.com/f/restoring-hope-for-loki"
Jesus Daily Post You last visited 36 weeks ago,,,https://www.facebook.com/groups/904317797826716/,"I’m sharing a heartfelt fundraiser for Loki with this faith-filled community. This GoFundMe is for Loki, and I’m hoping to gather support during a difficult time. Every contribution and every share helps build more support around Loki. Thank you for taking the time to help. Your support is appreciated (4). https://www.gofundme.com/f/restoring-hope-for-loki"
JESUS DAILY QUOTES,,,https://www.facebook.com/groups/594776617390708/,"I’d appreciate the kindness of this faith-filled community. This GoFundMe is for Loki, and I’m hoping to gather support during a difficult time. Support does not have to be financial: sharing this fundraiser is also a meaningful way to help. Thank you for reading and for any help you can give. Your support is appreciated (5). https://www.gofundme.com/f/restoring-hope-for-loki"
JESUS DAILY WORD,,,https://www.facebook.com/groups/Jesusdailyword/,"I’m hoping this faith-filled community. This GoFundMe is for Loki, and I’m hoping to gather support during a difficult time. A donation of any size can make a real difference, and a share can help this reach someone who is able to give. With gratitude for any support you can offer. Your support is appreciated (4). https://www.gofundme.com/f/restoring-hope-for-loki"
Jesus Died For Our Sins,,,https://www.facebook.com/groups/JesusDiedForOurSins/,"I’m inviting this faith-filled community. This GoFundMe is for Loki, and I’m hoping to gather support during a difficult time. Your generosity, whether through a contribution or a share, can help bring hope to Loki. I appreciate this community more than I can say. Your support is appreciated (3). https://www.gofundme.com/f/restoring-hope-for-loki"
Jesus Followers,,,https://www.facebook.com/groups/693191592513444/,"I’m posting Loki’s fundraiser for this faith-filled community. This GoFundMe is for Loki, and I’m hoping to gather support during a difficult time. Please keep Loki in mind and share this link if you know someone who may be able to help. Your support and shares are deeply appreciated. Your support is appreciated (5). https://www.gofundme.com/f/restoring-hope-for-loki"
Jesus has Power.,540K,,https://www.facebook.com/groups/322726091263318/,"I’m turning to this faith-filled community. This GoFundMe is for Loki, and I’m hoping to gather support during a difficult time. Please help by donating if you can, or by sharing the fundraiser with others who may want to help. Thank you for caring about Loki. Your support is appreciated (5). https://www.gofundme.com/f/restoring-hope-for-loki"
Jesus has returned,108K,,https://www.facebook.com/groups/4051683975084255/,"I’d love to share an opportunity to help Loki with this faith-filled community. This GoFundMe is for Loki, and I’m hoping to gather support during a difficult time. I’m thankful for every person who takes a moment to read, donate, or share Loki’s story. I’m grateful for your time and consideration. Your support is appreciated (6). https://www.gofundme.com/f/restoring-hope-for-loki"
Jesus I love you.by edaki tomsly,,,https://www.facebook.com/groups/273263049800238/,"I’m reaching out to share Loki’s fundraiser with this faith-filled community. This GoFundMe is for Loki, and I’m hoping to gather support during a difficult time. If you’re able to donate or pass it along, your support would mean so much. I truly appreciate this community’s kindness. Your support is appreciated (5). https://www.gofundme.com/f/restoring-hope-for-loki"
JESUS IS KING,,,https://www.facebook.com/groups/870603678332642/,"I hope it’s okay to post a request for support in this faith-filled community. This GoFundMe is for Loki, and I’m hoping to gather support during a difficult time. If this speaks to you, please consider helping in whatever way feels right, including simply sharing the link. Thank you for opening your heart to Loki’s fundraiser. Your support is appreciated (6). https://www.gofundme.com/f/restoring-hope-for-loki"
Jesus Is Lord,,,https://www.facebook.com/groups/2802562220022069/,"I’d be grateful to introduce Loki’s GoFundMe to this faith-filled community. This GoFundMe is for Loki, and I’m hoping to gather support during a difficult time. Together, small acts of support can make a meaningful difference for Loki. Thank you for helping spread hope for Loki. Your support is appreciated (6). https://www.gofundme.com/f/restoring-hope-for-loki"
Jesus Is Lord,,,https://www.facebook.com/groups/174175851304241/,"I’m asking this faith-filled community. This GoFundMe is for Loki, and I’m hoping to gather support during a difficult time. Even a small gift or a quick share can extend the circle of care for Loki. Thank you for your compassion. Your support is appreciated (6). https://www.gofundme.com/f/restoring-hope-for-loki"
Jesus is Lord,,,https://www.facebook.com/groups/xtiangist/,"Please consider taking a moment to support Loki with this faith-filled community. This GoFundMe is for Loki, and I’m hoping to gather support during a difficult time. Any help you can offer, from a donation to a share, is sincerely appreciated. Thank you for being part of Loki’s support circle. Your support is appreciated (8). https://www.gofundme.com/f/restoring-hope-for-loki"
Jesus Is Lord ❤️,,,https://www.facebook.com/groups/1741141012988932/,"I’m sharing a heartfelt fundraiser for Loki with this faith-filled community. This GoFundMe is for Loki, and I’m hoping to gather support during a difficult time. Every contribution and every share helps build more support around Loki. Thank you for taking the time to help. Your support is appreciated (5). https://www.gofundme.com/f/restoring-hope-for-loki"
Jesus is Lord Daily,,,https://www.facebook.com/groups/4096131037329024/,"I’d appreciate the kindness of this faith-filled community. This GoFundMe is for Loki, and I’m hoping to gather support during a difficult time. Support does not have to be financial: sharing this fundraiser is also a meaningful way to help. Thank you for reading and for any help you can give. Your support is appreciated (6). https://www.gofundme.com/f/restoring-hope-for-loki"
Jesus Is My Hope,,,https://www.facebook.com/groups/370422071564948/,"I’m hoping this faith-filled community. This GoFundMe is for Loki, and I’m hoping to gather support during a difficult time. A donation of any size can make a real difference, and a share can help this reach someone who is able to give. With gratitude for any support you can offer. Your support is appreciated (5). https://www.gofundme.com/f/restoring-hope-for-loki"
JESUS IS MY LORD,156K,,https://www.facebook.com/groups/325993837611017/,"I’m inviting this faith-filled community. This GoFundMe is for Loki, and I’m hoping to gather support during a difficult time. Your generosity, whether through a contribution or a share, can help bring hope to Loki. I appreciate this community more than I can say. Your support is appreciated (4). https://www.gofundme.com/f/restoring-hope-for-loki"
Jesus Is My Lord,,,https://www.facebook.com/groups/1478842212535826/,"I’m posting Loki’s fundraiser for this faith-filled community. This GoFundMe is for Loki, and I’m hoping to gather support during a difficult time. Please keep Loki in mind and share this link if you know someone who may be able to help. Your support and shares are deeply appreciated. Your support is appreciated (6). https://www.gofundme.com/f/restoring-hope-for-loki"
Jesus is my Rock,,Last active 3 minutes ago,https://www.facebook.com/groups/1549522372116106/,"I’m turning to this faith-filled community. This GoFundMe is for Loki, and I’m hoping to gather support during a difficult time. Please help by donating if you can, or by sharing the fundraiser with others who may want to help. Thank you for caring about Loki. Your support is appreciated (6). https://www.gofundme.com/f/restoring-hope-for-loki"
Jesus is my Rock,,,https://www.facebook.com/groups/1179110379997376/,"I’d love to share an opportunity to help Loki with this faith-filled community. This GoFundMe is for Loki, and I’m hoping to gather support during a difficult time. I’m thankful for every person who takes a moment to read, donate, or share Loki’s story. I’m grateful for your time and consideration. Your support is appreciated (7). https://www.gofundme.com/f/restoring-hope-for-loki"
Jesus is my Savior,,,https://www.facebook.com/groups/775209411956564/,"I’m reaching out to share Loki’s fundraiser with this faith-filled community. This GoFundMe is for Loki, and I’m hoping to gather support during a difficult time. If you’re able to donate or pass it along, your support would mean so much. I truly appreciate this community’s kindness. Your support is appreciated (6). https://www.gofundme.com/f/restoring-hope-for-loki"
Jesus is my savior,,,https://www.facebook.com/groups/984300469126036/,"I hope it’s okay to post a request for support in this faith-filled community. This GoFundMe is for Loki, and I’m hoping to gather support during a difficult time. If this speaks to you, please consider helping in whatever way feels right, including simply sharing the link. Thank you for opening your heart to Loki’s fundraiser. Your support is appreciated (7). https://www.gofundme.com/f/restoring-hope-for-loki"
Jesus is my savior,,,https://www.facebook.com/groups/1279782850505587/,"I’d be grateful to introduce Loki’s GoFundMe to this faith-filled community. This GoFundMe is for Loki, and I’m hoping to gather support during a difficult time. Together, small acts of support can make a meaningful difference for Loki. Thank you for helping spread hope for Loki. Your support is appreciated (7). https://www.gofundme.com/f/restoring-hope-for-loki"
Jesus is My Savior .,,,https://www.facebook.com/groups/483790191036697/,"I’m asking this faith-filled community. This GoFundMe is for Loki, and I’m hoping to gather support during a difficult time. Even a small gift or a quick share can extend the circle of care for Loki. Thank you for your compassion. Your support is appreciated (7). https://www.gofundme.com/f/restoring-hope-for-loki"
Jesus Is My Shepherd,,,https://www.facebook.com/groups/2443074862547379/,"Please consider taking a moment to support Loki with this faith-filled community. This GoFundMe is for Loki, and I’m hoping to gather support during a difficult time. Any help you can offer, from a donation to a share, is sincerely appreciated. Thank you for being part of Loki’s support circle. Your support is appreciated (9). https://www.gofundme.com/f/restoring-hope-for-loki"
Jesus is my strength,,Last active 3 hours ago,https://www.facebook.com/groups/687563880986346/,"I’m sharing a heartfelt fundraiser for Loki with this faith-filled community. This GoFundMe is for Loki, and I’m hoping to gather support during a difficult time. Every contribution and every share helps build more support around Loki. Thank you for taking the time to help. Your support is appreciated (6). https://www.gofundme.com/f/restoring-hope-for-loki"
Jesus Is My Way,675K,,https://www.facebook.com/groups/1189240166634726/,"I’d appreciate the kindness of this faith-filled community. This GoFundMe is for Loki, and I’m hoping to gather support during a difficult time. Support does not have to be financial: sharing this fundraiser is also a meaningful way to help. Thank you for reading and for any help you can give. Your support is appreciated (7). https://www.gofundme.com/f/restoring-hope-for-loki"
"JESUS IS THE WAY, THE TRUTH AND THE LIFE",,,https://www.facebook.com/groups/373533517524211/,"I’m hoping this faith-filled community. This GoFundMe is for Loki, and I’m hoping to gather support during a difficult time. A donation of any size can make a real difference, and a share can help this reach someone who is able to give. With gratitude for any support you can offer. Your support is appreciated (6). https://www.gofundme.com/f/restoring-hope-for-loki"
"JESUS IS THE WAY, TRUTH & LIFE",,,https://www.facebook.com/groups/702561113225456/,"I’m inviting this faith-filled community. This GoFundMe is for Loki, and I’m hoping to gather support during a difficult time. Your generosity, whether through a contribution or a share, can help bring hope to Loki. I appreciate this community more than I can say. Your support is appreciated (5). https://www.gofundme.com/f/restoring-hope-for-loki"
Jesus Light Of My Life,,,https://www.facebook.com/groups/315924822542040/,"I’m posting Loki’s fundraiser for this faith-filled community. This GoFundMe is for Loki, and I’m hoping to gather support during a difficult time. Please keep Loki in mind and share this link if you know someone who may be able to help. Your support and shares are deeply appreciated. Your support is appreciated (7). https://www.gofundme.com/f/restoring-hope-for-loki"
JESUS LIVES IN MY CITY,,,https://www.facebook.com/groups/JesusLivesInMyCity/,"I’m turning to this faith-filled community. This GoFundMe is for Loki, and I’m hoping to gather support during a difficult time. Please help by donating if you can, or by sharing the fundraiser with others who may want to help. Thank you for caring about Loki. Your support is appreciated (7). https://www.gofundme.com/f/restoring-hope-for-loki"
JESUS LORD Is My Everything,,,https://www.facebook.com/groups/417468742117830/,"I’d love to share an opportunity to help Loki with this faith-filled community. This GoFundMe is for Loki, and I’m hoping to gather support during a difficult time. I’m thankful for every person who takes a moment to read, donate, or share Loki’s story. I’m grateful for your time and consideration. Your support is appreciated (8). https://www.gofundme.com/f/restoring-hope-for-loki"
Jesus Love and Prayer,,,https://www.facebook.com/groups/429125363349985/,"I’m reaching out to share Loki’s fundraiser with this faith-filled community. This GoFundMe is for Loki, and I’m hoping to gather support during a difficult time. If you’re able to donate or pass it along, your support would mean so much. I truly appreciate this community’s kindness. Your support is appreciated (7). https://www.gofundme.com/f/restoring-hope-for-loki"
Jesus Lover,142K,,https://www.facebook.com/groups/1323289529730714/,"I hope it’s okay to post a request for support in this faith-filled community. This GoFundMe is for Loki, and I’m hoping to gather support during a difficult time. If this speaks to you, please consider helping in whatever way feels right, including simply sharing the link. Thank you for opening your heart to Loki’s fundraiser. Your support is appreciated (8). https://www.gofundme.com/f/restoring-hope-for-loki"
Jesus Lover’s,,,https://www.facebook.com/groups/732752812674456/,"I’d be grateful to introduce Loki’s GoFundMe to this faith-filled community. This GoFundMe is for Loki, and I’m hoping to gather support during a difficult time. Together, small acts of support can make a meaningful difference for Loki. Thank you for helping spread hope for Loki. Your support is appreciated (8). https://www.gofundme.com/f/restoring-hope-for-loki"
Jesus Loves All,,,https://www.facebook.com/groups/954265359579841/,"I’m asking this faith-filled community. This GoFundMe is for Loki, and I’m hoping to gather support during a difficult time. Even a small gift or a quick share can extend the circle of care for Loki. Thank you for your compassion. Your support is appreciated (8). https://www.gofundme.com/f/restoring-hope-for-loki"
Jesus Loves you,,,https://www.facebook.com/groups/944491229578347/,"Please consider taking a moment to support Loki with this faith-filled community. This GoFundMe is for Loki, and I’m hoping to gather support during a difficult time. Any help you can offer, from a donation to a share, is sincerely appreciated. Thank you for being part of Loki’s support circle. Your support is appreciated (10). https://www.gofundme.com/f/restoring-hope-for-loki"
Jesus loves you,,,https://www.facebook.com/groups/981430645857647/,"I’m sharing a heartfelt fundraiser for Loki with this faith-filled community. This GoFundMe is for Loki, and I’m hoping to gather support during a difficult time. Every contribution and every share helps build more support around Loki. Thank you for taking the time to help. Your support is appreciated (7). https://www.gofundme.com/f/restoring-hope-for-loki"
Jesus Loves You,,,https://www.facebook.com/groups/487555770870913/,"I’d appreciate the kindness of this faith-filled community. This GoFundMe is for Loki, and I’m hoping to gather support during a difficult time. Support does not have to be financial: sharing this fundraiser is also a meaningful way to help. Thank you for reading and for any help you can give. Your support is appreciated (8). https://www.gofundme.com/f/restoring-hope-for-loki"
JESUS LOVES YOU,,,https://www.facebook.com/groups/1057547238980901/,"I’m hoping this faith-filled community. This GoFundMe is for Loki, and I’m hoping to gather support during a difficult time. A donation of any size can make a real difference, and a share can help this reach someone who is able to give. With gratitude for any support you can offer. Your support is appreciated (7). https://www.gofundme.com/f/restoring-hope-for-loki"
Jesus My King,,Last active a few seconds ago,https://www.facebook.com/groups/517063904063357/,"I’m inviting this faith-filled community. This GoFundMe is for Loki, and I’m hoping to gather support during a difficult time. Your generosity, whether through a contribution or a share, can help bring hope to Loki. I appreciate this community more than I can say. Your support is appreciated (6). https://www.gofundme.com/f/restoring-hope-for-loki"
Jesus My King,,,https://www.facebook.com/groups/899442751747560/,"I’m posting Loki’s fundraiser for this faith-filled community. This GoFundMe is for Loki, and I’m hoping to gather support during a difficult time. Please keep Loki in mind and share this link if you know someone who may be able to help. Your support and shares are deeply appreciated. Your support is appreciated (8). https://www.gofundme.com/f/restoring-hope-for-loki"
JESUS MY ROCK,,,https://www.facebook.com/groups/606083447937231/,"I’m turning to this faith-filled community. This GoFundMe is for Loki, and I’m hoping to gather support during a difficult time. Please help by donating if you can, or by sharing the fundraiser with others who may want to help. Thank you for caring about Loki. Your support is appreciated (8). https://www.gofundme.com/f/restoring-hope-for-loki"
Jesus My Safe Place,,Last active 44 minutes ago,https://www.facebook.com/groups/1332331284455086/,"I’d love to share an opportunity to help Loki with this faith-filled community. This GoFundMe is for Loki, and I’m hoping to gather support during a difficult time. I’m thankful for every person who takes a moment to read, donate, or share Loki’s story. I’m grateful for your time and consideration. Your support is appreciated (9). https://www.gofundme.com/f/restoring-hope-for-loki"
JESUS OUR REDEEMER,,,https://www.facebook.com/groups/1243168223826279/,"I’m reaching out to share Loki’s fundraiser with this faith-filled community. This GoFundMe is for Loki, and I’m hoping to gather support during a difficult time. If you’re able to donate or pass it along, your support would mean so much. I truly appreciate this community’s kindness. Your support is appreciated (8). https://www.gofundme.com/f/restoring-hope-for-loki"
Jesus Reigns Africa,,,https://www.facebook.com/groups/637975861991420/,"I hope it’s okay to post a request for support in this faith-filled community. This GoFundMe is for Loki, and I’m hoping to gather support during a difficult time. If this speaks to you, please consider helping in whatever way feels right, including simply sharing the link. Thank you for opening your heart to Loki’s fundraiser. Your support is appreciated (9). https://www.gofundme.com/f/restoring-hope-for-loki"
JESUS SAVES TV,,,https://www.facebook.com/groups/726839369229354/,"I’d be grateful to introduce Loki’s GoFundMe to this faith-filled community. This GoFundMe is for Loki, and I’m hoping to gather support during a difficult time. Together, small acts of support can make a meaningful difference for Loki. Thank you for helping spread hope for Loki. Your support is appreciated (9). https://www.gofundme.com/f/restoring-hope-for-loki"
JESUS THE ONLY WAY TO HEAVEN.,,,https://www.facebook.com/groups/741412699296156/,"I’m asking this faith-filled community. This GoFundMe is for Loki, and I’m hoping to gather support during a difficult time. Even a small gift or a quick share can extend the circle of care for Loki. Thank you for your compassion. Your support is appreciated (9). https://www.gofundme.com/f/restoring-hope-for-loki"
JESUS THE WAY,,,https://www.facebook.com/groups/374500096839492/,"Please consider taking a moment to support Loki with this faith-filled community. This GoFundMe is for Loki, and I’m hoping to gather support during a difficult time. Any help you can offer, from a donation to a share, is sincerely appreciated. Thank you for being part of Loki’s support circle. Your support is appreciated (11). https://www.gofundme.com/f/restoring-hope-for-loki"
"Jesus, Coffee, Quotes",,,https://www.facebook.com/groups/217788929487196/,"I’m sharing a heartfelt fundraiser for Loki with this faith-filled community. This GoFundMe is for Loki, and I’m hoping to gather support during a difficult time. Every contribution and every share helps build more support around Loki. Thank you for taking the time to help. Your support is appreciated (8). https://www.gofundme.com/f/restoring-hope-for-loki"
"Jesus, My Strength",,,https://www.facebook.com/groups/1656989171573358/,"I’d appreciate the kindness of this faith-filled community. This GoFundMe is for Loki, and I’m hoping to gather support during a difficult time. Support does not have to be financial: sharing this fundraiser is also a meaningful way to help. Thank you for reading and for any help you can give. Your support is appreciated (9). https://www.gofundme.com/f/restoring-hope-for-loki"
"𝑱𝑬𝑺𝑼𝑺,𝑶𝒖𝒓 𝑹𝒆𝒅𝒆𝒆𝒎𝒆𝒓 𝒐𝒇 𝑳𝒊𝒇e",,,https://www.facebook.com/groups/571902093653966/,"I’m hoping this caring community. This GoFundMe is for Loki, and I’m hoping to gather support during a difficult time. A donation of any size can make a real difference, and a share can help this reach someone who is able to give. With gratitude for any support you can offer. Your support is appreciated (5). https://www.gofundme.com/f/restoring-hope-for-loki"
JESUS: The Road To Salvation,,,https://www.facebook.com/groups/1498178784075854/,"I’m inviting this faith-filled community. This GoFundMe is for Loki, and I’m hoping to gather support during a difficult time. Your generosity, whether through a contribution or a share, can help bring hope to Loki. I appreciate this community more than I can say. Your support is appreciated (7). https://www.gofundme.com/f/restoring-hope-for-loki"
Jesus.Daily,,,https://www.facebook.com/groups/1157317395406187/,"I’m posting Loki’s fundraiser for this faith-filled community. This GoFundMe is for Loki, and I’m hoping to gather support during a difficult time. Please keep Loki in mind and share this link if you know someone who may be able to help. Your support and shares are deeply appreciated. Your support is appreciated (9). https://www.gofundme.com/f/restoring-hope-for-loki"
JOIN & BE SAVED BY JESUS THROUGH THE WOMAN CLOTHED WITH THE SUN REV. 12:1,,,https://www.facebook.com/groups/201855716574874/,"I’m turning to this faith-filled community. This GoFundMe is for Loki, and I’m hoping to gather support during a difficult time. Please help by donating if you can, or by sharing the fundraiser with others who may want to help. Thank you for caring about Loki. Your support is appreciated (9). https://www.gofundme.com/f/restoring-hope-for-loki"
Join Who Love Jesus,,,https://www.facebook.com/groups/joinwholovejesus/,"I’d love to share an opportunity to help Loki with this faith-filled community. This GoFundMe is for Loki, and I’m hoping to gather support during a difficult time. I’m thankful for every person who takes a moment to read, donate, or share Loki’s story. I’m grateful for your time and consideration. Your support is appreciated (10). https://www.gofundme.com/f/restoring-hope-for-loki"
Just Jindo Dogs,,,https://www.facebook.com/groups/justjindos/,"I’m reaching out to share Loki’s fundraiser with this animal-loving community. This GoFundMe is for Loki, and I’m hoping to gather support during a difficult time. If you’re able to donate or pass it along, your support would mean so much. I truly appreciate this community’s kindness. Your support is appreciated (13). https://www.gofundme.com/f/restoring-hope-for-loki"
Just Take The Dog,,,https://www.facebook.com/groups/1999566620125595/,"I hope it’s okay to post a request for support in this animal-loving community. This GoFundMe is for Loki, and I’m hoping to gather support during a difficult time. If this speaks to you, please consider helping in whatever way feels right, including simply sharing the link. Thank you for opening your heart to Loki’s fundraiser. Your support is appreciated (12). https://www.gofundme.com/f/restoring-hope-for-loki"
Just4GSD Group - German Shepherd Dogs,,,https://www.facebook.com/groups/Just4GSDgroup/,"I’d be grateful to introduce Loki’s GoFundMe to this animal-loving community. This GoFundMe is for Loki, and I’m hoping to gather support during a difficult time. Together, small acts of support can make a meaningful difference for Loki. Thank you for helping spread hope for Loki. Your support is appreciated (12). https://www.gofundme.com/f/restoring-hope-for-loki"
KJV Bible Verses,570K,,https://www.facebook.com/groups/388752558831401/,"I’m asking this caring community. This GoFundMe is for Loki, and I’m hoping to gather support during a difficult time. Even a small gift or a quick share can extend the circle of care for Loki. Thank you for your compassion. Your support is appreciated (6). https://www.gofundme.com/f/restoring-hope-for-loki"
Life Empowerment Family,,,https://www.facebook.com/groups/161422217220927/,"Please consider taking a moment to support Loki with this caring community. This GoFundMe is for Loki, and I’m hoping to gather support during a difficult time. Any help you can offer, from a donation to a share, is sincerely appreciated. Thank you for being part of Loki’s support circle. Your support is appreciated (5). https://www.gofundme.com/f/restoring-hope-for-loki"
Life Is Better With A Dog,,,https://www.facebook.com/groups/508653306265542/,"I’m sharing a heartfelt fundraiser for Loki with this animal-loving community. This GoFundMe is for Loki, and I’m hoping to gather support during a difficult time. Every contribution and every share helps build more support around Loki. Thank you for taking the time to help. Your support is appreciated (10). https://www.gofundme.com/f/restoring-hope-for-loki"
Life Time Wild Animals,,,https://www.facebook.com/groups/466028473001474/,"I’d appreciate the kindness of this animal-loving community. This GoFundMe is for Loki, and I’m hoping to gather support during a difficult time. Support does not have to be financial: sharing this fundraiser is also a meaningful way to help. Thank you for reading and for any help you can give. Your support is appreciated (11). https://www.gofundme.com/f/restoring-hope-for-loki"
Life with German Shepherd,88K,,https://www.facebook.com/groups/lifewithgermanshepherd/,"I’m hoping this caring community. This GoFundMe is for Loki, and I’m hoping to gather support during a difficult time. A donation of any size can make a real difference, and a share can help this reach someone who is able to give. With gratitude for any support you can offer. Your support is appreciated (6). https://www.gofundme.com/f/restoring-hope-for-loki"
lLa pulga de los angeles donde se vende de todo asta la suegra,44K,,https://www.facebook.com/groups/127246254307319/,"I’m inviting this caring community. This GoFundMe is for Loki, and I’m hoping to gather support during a difficult time. Your generosity, whether through a contribution or a share, can help bring hope to Loki. I appreciate this community more than I can say. Your support is appreciated (7). https://www.gofundme.com/f/restoring-hope-for-loki"
Lord Jesus Christ ✝️,,,https://www.facebook.com/groups/514331642541986/,"I’m posting Loki’s fundraiser for this faith-filled community. This GoFundMe is for Loki, and I’m hoping to gather support during a difficult time. Please keep Loki in mind and share this link if you know someone who may be able to help. Your support and shares are deeply appreciated. Your support is appreciated (10). https://www.gofundme.com/f/restoring-hope-for-loki"
Lord Jesus Christ save us,,,https://www.facebook.com/groups/496086501428463/,"I’m turning to this faith-filled community. This GoFundMe is for Loki, and I’m hoping to gather support during a difficult time. Please help by donating if you can, or by sharing the fundraiser with others who may want to help. Thank you for caring about Loki. Your support is appreciated (10). https://www.gofundme.com/f/restoring-hope-for-loki"
LORD JESUS YOU ARE MY LIFE 🙏♥🙏(JEZU TUM MHOJHEM JIVIT),,,https://www.facebook.com/groups/998794194148044/,"I’d love to share an opportunity to help Loki with this faith-filled community. This GoFundMe is for Loki, and I’m hoping to gather support during a difficult time. I’m thankful for every person who takes a moment to read, donate, or share Loki’s story. I’m grateful for your time and consideration. Your support is appreciated (11). https://www.gofundme.com/f/restoring-hope-for-loki"
LOS ANGELES ANIMAL & PET UPDATE,,,https://www.facebook.com/groups/467971490335717/,"I’m reaching out to share Loki’s fundraiser with this animal-loving community. This GoFundMe is for Loki, and I’m hoping to gather support during a difficult time. If you’re able to donate or pass it along, your support would mean so much. I truly appreciate this community’s kindness. Your support is appreciated (14). https://www.gofundme.com/f/restoring-hope-for-loki"
"Lost And Found Dogs, Cats and Animals Anywhere",,,https://www.facebook.com/groups/1629164590460711/,"I hope it’s okay to post a request for support in this animal-loving community. This GoFundMe is for Loki, and I’m hoping to gather support during a difficult time. If this speaks to you, please consider helping in whatever way feels right, including simply sharing the link. Thank you for opening your heart to Loki’s fundraiser. Your support is appreciated (13). https://www.gofundme.com/f/restoring-hope-for-loki"
Lost and Found Missing Dogs,,,https://www.facebook.com/groups/793274838054451/,"I’d be grateful to introduce Loki’s GoFundMe to this animal-loving community. This GoFundMe is for Loki, and I’m hoping to gather support during a difficult time. Together, small acts of support can make a meaningful difference for Loki. Thank you for helping spread hope for Loki. Your support is appreciated (13). https://www.gofundme.com/f/restoring-hope-for-loki"
Love Animal,,,https://www.facebook.com/groups/626451668859315/,"I’m asking this animal-loving community. This GoFundMe is for Loki, and I’m hoping to gather support during a difficult time. Even a small gift or a quick share can extend the circle of care for Loki. Thank you for your compassion. Your support is appreciated (9). https://www.gofundme.com/f/restoring-hope-for-loki"
Love ANimals,,,https://www.facebook.com/groups/1227890382324308/,"Please consider taking a moment to support Loki with this animal-loving community. This GoFundMe is for Loki, and I’m hoping to gather support during a difficult time. Any help you can offer, from a donation to a share, is sincerely appreciated. Thank you for being part of Loki’s support circle. Your support is appreciated (9). https://www.gofundme.com/f/restoring-hope-for-loki"
Love For Dogs,,,https://www.facebook.com/groups/1207525151104432/,"I’m sharing a heartfelt fundraiser for Loki with this animal-loving community. This GoFundMe is for Loki, and I’m hoping to gather support during a difficult time. Every contribution and every share helps build more support around Loki. Thank you for taking the time to help. Your support is appreciated (11). https://www.gofundme.com/f/restoring-hope-for-loki"
Love My Dog,,,https://www.facebook.com/groups/1191942628102184/,"I’d appreciate the kindness of this animal-loving community. This GoFundMe is for Loki, and I’m hoping to gather support during a difficult time. Support does not have to be financial: sharing this fundraiser is also a meaningful way to help. Thank you for reading and for any help you can give. Your support is appreciated (12). https://www.gofundme.com/f/restoring-hope-for-loki"
Love Pitbull Dog,,,https://www.facebook.com/groups/1961560147226992/,"I’m hoping this animal-loving community. This GoFundMe is for Loki, and I’m hoping to gather support during a difficult time. A donation of any size can make a real difference, and a share can help this reach someone who is able to give. With gratitude for any support you can offer. Your support is appreciated (12). https://www.gofundme.com/f/restoring-hope-for-loki"
Lovely Dog Lovers,,,https://www.facebook.com/groups/478584294994666/,"I’m inviting this animal-loving community. This GoFundMe is for Loki, and I’m hoping to gather support during a difficult time. Your generosity, whether through a contribution or a share, can help bring hope to Loki. I appreciate this community more than I can say. Your support is appreciated (11). https://www.gofundme.com/f/restoring-hope-for-loki"
LUTHERAN FAMILY,,,https://www.facebook.com/groups/2370670356553125/,"I’m posting Loki’s fundraiser for this caring community. This GoFundMe is for Loki, and I’m hoping to gather support during a difficult time. Please keep Loki in mind and share this link if you know someone who may be able to help. Your support and shares are deeply appreciated. Your support is appreciated (5). https://www.gofundme.com/f/restoring-hope-for-loki"
MAINE COON CATS AND KITTENS FOR ADOPTION 🐾❤️❤️,,,https://www.facebook.com/groups/24936610909298092/,"I’m turning to this animal-loving community. This GoFundMe is for Loki, and I’m hoping to gather support during a difficult time. Please help by donating if you can, or by sharing the fundraiser with others who may want to help. Thank you for caring about Loki. Your support is appreciated (13). https://www.gofundme.com/f/restoring-hope-for-loki"
Marketplace Los Angeles,71K,,https://www.facebook.com/groups/MarketplaceLosAngeles/,"I’d love to share an opportunity to help Loki with this caring community. This GoFundMe is for Loki, and I’m hoping to gather support during a difficult time. I’m thankful for every person who takes a moment to read, donate, or share Loki’s story. I’m grateful for your time and consideration. Your support is appreciated (3). https://www.gofundme.com/f/restoring-hope-for-loki"
"Mary,is A Queen👑Mother Of All",86K,,https://www.facebook.com/groups/751981425584777/,"I’m reaching out to share Loki’s fundraiser with this faith-filled community. This GoFundMe is for Loki, and I’m hoping to gather support during a difficult time. If you’re able to donate or pass it along, your support would mean so much. I truly appreciate this community’s kindness. Your support is appreciated (9). https://www.gofundme.com/f/restoring-hope-for-loki"
Meeka & My Family,,,https://www.facebook.com/groups/1541189050344687/,"I hope it’s okay to post a request for support in this caring community. This GoFundMe is for Loki, and I’m hoping to gather support during a difficult time. If this speaks to you, please consider helping in whatever way feels right, including simply sharing the link. Thank you for opening your heart to Loki’s fundraiser. Your support is appreciated (4). https://www.gofundme.com/f/restoring-hope-for-loki"
Meeka The Husky Family,,,https://www.facebook.com/groups/meekathehuskyfamily/,"I’d be grateful to introduce Loki’s GoFundMe to this caring community. This GoFundMe is for Loki, and I’m hoping to gather support during a difficult time. Together, small acts of support can make a meaningful difference for Loki. Thank you for helping spread hope for Loki. Your support is appreciated (4). https://www.gofundme.com/f/restoring-hope-for-loki"
"Meeka,s family",,,https://www.facebook.com/groups/408172811610782/,"I’m asking this caring community. This GoFundMe is for Loki, and I’m hoping to gather support during a difficult time. Even a small gift or a quick share can extend the circle of care for Loki. Thank you for your compassion. Your support is appreciated (7). https://www.gofundme.com/f/restoring-hope-for-loki"
Memes That Our Lord Jesus Christ Would LOL@,,,https://www.facebook.com/groups/816363343923152/,"Please consider taking a moment to support Loki with this faith-filled community. This GoFundMe is for Loki, and I’m hoping to gather support during a difficult time. Any help you can offer, from a donation to a share, is sincerely appreciated. Thank you for being part of Loki’s support circle. Your support is appreciated (12). https://www.gofundme.com/f/restoring-hope-for-loki"
México en Estados Unidos (Oficial),54K,,https://www.facebook.com/groups/2674404979468180/,"I’m sharing a heartfelt fundraiser for Loki with this caring community. This GoFundMe is for Loki, and I’m hoping to gather support during a difficult time. Every contribution and every share helps build more support around Loki. Thank you for taking the time to help. Your support is appreciated (7). https://www.gofundme.com/f/restoring-hope-for-loki"
Middle age family 😜,,,https://www.facebook.com/groups/842891981080017/,"I’d appreciate the kindness of this caring community. This GoFundMe is for Loki, and I’m hoping to gather support during a difficult time. Support does not have to be financial: sharing this fundraiser is also a meaningful way to help. Thank you for reading and for any help you can give. Your support is appreciated (5). https://www.gofundme.com/f/restoring-hope-for-loki"
Military Dogs,,,https://www.facebook.com/groups/1213126403392160/,"I’m hoping this animal-loving community. This GoFundMe is for Loki, and I’m hoping to gather support during a difficult time. A donation of any size can make a real difference, and a share can help this reach someone who is able to give. With gratitude for any support you can offer. Your support is appreciated (13). https://www.gofundme.com/f/restoring-hope-for-loki"
MISSING & STOLEN OR FOUND / DOGS & CATS IN U.S.A.,,,https://www.facebook.com/groups/379654032068573/,"I’m inviting this animal-loving community. This GoFundMe is for Loki, and I’m hoping to gather support during a difficult time. Your generosity, whether through a contribution or a share, can help bring hope to Loki. I appreciate this community more than I can say. Your support is appreciated (12). https://www.gofundme.com/f/restoring-hope-for-loki"
My Type Jesus,,,https://www.facebook.com/groups/1234170541019279/,"I’m posting Loki’s fundraiser for this faith-filled community. This GoFundMe is for Loki, and I’m hoping to gather support during a difficult time. Please keep Loki in mind and share this link if you know someone who may be able to help. Your support and shares are deeply appreciated. Your support is appreciated (11). https://www.gofundme.com/f/restoring-hope-for-loki"
National Crossposters California You last visited 23 weeks ago,,,https://www.facebook.com/groups/128676922626534/,"I’m turning to this caring community. This GoFundMe is for Loki, and I’m hoping to gather support during a difficult time. Please help by donating if you can, or by sharing the fundraiser with others who may want to help. Thank you for caring about Loki. Your support is appreciated (3). https://www.gofundme.com/f/restoring-hope-for-loki"
National Geographic,,,https://www.facebook.com/groups/1675885009632737/,"I’d love to share an opportunity to help Loki with this caring community. This GoFundMe is for Loki, and I’m hoping to gather support during a difficult time. I’m thankful for every person who takes a moment to read, donate, or share Loki’s story. I’m grateful for your time and consideration. Your support is appreciated (4). https://www.gofundme.com/f/restoring-hope-for-loki"
Nature and Wildlife TV,,,https://www.facebook.com/groups/natureandwildlife.tv/,"I’m reaching out to share Loki’s fundraiser with this caring community. This GoFundMe is for Loki, and I’m hoping to gather support during a difficult time. If you’re able to donate or pass it along, your support would mean so much. I truly appreciate this community’s kindness. Your support is appreciated (3). https://www.gofundme.com/f/restoring-hope-for-loki"
NETWORKING URGENT DOGS IN NEED《RESCUE FOSTER ADOPT SAVE A LIFE,,,https://www.facebook.com/groups/146066675589606/,"I hope it’s okay to post a request for support in this animal-loving community. This GoFundMe is for Loki, and I’m hoping to gather support during a difficult time. If this speaks to you, please consider helping in whatever way feels right, including simply sharing the link. Thank you for opening your heart to Loki’s fundraiser. Your support is appreciated (14). https://www.gofundme.com/f/restoring-hope-for-loki"
No Pit Bull or ANY PUP Left Behind! 🐾,,,https://www.facebook.com/groups/nopitbulleftbehind/,"I’d be grateful to introduce Loki’s GoFundMe to this caring community. This GoFundMe is for Loki, and I’m hoping to gather support during a difficult time. Together, small acts of support can make a meaningful difference for Loki. Thank you for helping spread hope for Loki. Your support is appreciated (5). https://www.gofundme.com/f/restoring-hope-for-loki"
Not Ashamed of Jesus Christ,,,https://www.facebook.com/groups/166644673199919/,"I’m asking this faith-filled community. This GoFundMe is for Loki, and I’m hoping to gather support during a difficult time. Even a small gift or a quick share can extend the circle of care for Loki. Thank you for your compassion. Your support is appreciated (10). https://www.gofundme.com/f/restoring-hope-for-loki"
"Only ""Norbert The Dog"" Lover",,,https://www.facebook.com/groups/3871639639756708/,"Please consider taking a moment to support Loki with this animal-loving community. This GoFundMe is for Loki, and I’m hoping to gather support during a difficult time. Any help you can offer, from a donation to a share, is sincerely appreciated. Thank you for being part of Loki’s support circle. Your support is appreciated (10). https://www.gofundme.com/f/restoring-hope-for-loki"
Ønly the family øtf,,,https://www.facebook.com/groups/5753789334708782/,"I’m sharing a heartfelt fundraiser for Loki with this caring community. This GoFundMe is for Loki, and I’m hoping to gather support during a difficult time. Every contribution and every share helps build more support around Loki. Thank you for taking the time to help. Your support is appreciated (8). https://www.gofundme.com/f/restoring-hope-for-loki"
Panda German Shepherd Dogs,,,https://www.facebook.com/groups/243999962629701/,"I’d appreciate the kindness of this animal-loving community. This GoFundMe is for Loki, and I’m hoping to gather support during a difficult time. Support does not have to be financial: sharing this fundraiser is also a meaningful way to help. Thank you for reading and for any help you can give. Your support is appreciated (13). https://www.gofundme.com/f/restoring-hope-for-loki"
Paw Nation USA,,,https://www.facebook.com/groups/658468753926461/,"I’m hoping this caring community. This GoFundMe is for Loki, and I’m hoping to gather support during a difficult time. A donation of any size can make a real difference, and a share can help this reach someone who is able to give. With gratitude for any support you can offer. Your support is appreciated (7). https://www.gofundme.com/f/restoring-hope-for-loki"
People For Animals,,,https://www.facebook.com/groups/49277537535/,"I’m inviting this animal-loving community. This GoFundMe is for Loki, and I’m hoping to gather support during a difficult time. Your generosity, whether through a contribution or a share, can help bring hope to Loki. I appreciate this community more than I can say. Your support is appreciated (13). https://www.gofundme.com/f/restoring-hope-for-loki"
Pet Lover USA🇺🇸,,,https://www.facebook.com/groups/680179070163544/,"I’m posting Loki’s fundraiser for this animal-loving community. This GoFundMe is for Loki, and I’m hoping to gather support during a difficult time. Please keep Loki in mind and share this link if you know someone who may be able to help. Your support and shares are deeply appreciated. Your support is appreciated (11). https://www.gofundme.com/f/restoring-hope-for-loki"
Pet Lovers: A Community for Dog and Cat Owners,,,https://www.facebook.com/groups/petloversacommunityfordogandcatowners/,"I’m turning to this animal-loving community. This GoFundMe is for Loki, and I’m hoping to gather support during a difficult time. Please help by donating if you can, or by sharing the fundraiser with others who may want to help. Thank you for caring about Loki. Your support is appreciated (14). https://www.gofundme.com/f/restoring-hope-for-loki"
Pets Are Family,,,https://www.facebook.com/groups/4238810119718061/,"I’d love to share an opportunity to help Loki with this animal-loving community. This GoFundMe is for Loki, and I’m hoping to gather support during a difficult time. I’m thankful for every person who takes a moment to read, donate, or share Loki’s story. I’m grateful for your time and consideration. Your support is appreciated (12). https://www.gofundme.com/f/restoring-hope-for-loki"
"Pets, Cats & Dogs( USA, UK & CANADA) 🇺🇸",,,https://www.facebook.com/groups/1987682364951744/,"I’m reaching out to share Loki’s fundraiser with this animal-loving community. This GoFundMe is for Loki, and I’m hoping to gather support during a difficult time. If you’re able to donate or pass it along, your support would mean so much. I truly appreciate this community’s kindness. Your support is appreciated (15). https://www.gofundme.com/f/restoring-hope-for-loki"
"Pets, Cats and Dogs Lovers (USA,UK,CANADA)",,,https://www.facebook.com/groups/929633835726017/,"I hope it’s okay to post a request for support in this animal-loving community. This GoFundMe is for Loki, and I’m hoping to gather support during a difficult time. If this speaks to you, please consider helping in whatever way feels right, including simply sharing the link. Thank you for opening your heart to Loki’s fundraiser. Your support is appreciated (15). https://www.gofundme.com/f/restoring-hope-for-loki"
"Pets,Cats and Dogs for Adoption (USA,UK,CANADA, AUSTRALIA)",,,https://www.facebook.com/groups/475832135056619/,"I’d be grateful to introduce Loki’s GoFundMe to this animal-loving community. This GoFundMe is for Loki, and I’m hoping to gather support during a difficult time. Together, small acts of support can make a meaningful difference for Loki. Thank you for helping spread hope for Loki. Your support is appreciated (14). https://www.gofundme.com/f/restoring-hope-for-loki"
PetsFURever CALIFORNIA 🇱🇷 Crossposting Dogs & Cats,,,https://www.facebook.com/groups/petsfureverCA.netwoking/,"I’m asking this animal-loving community. This GoFundMe is for Loki, and I’m hoping to gather support during a difficult time. Even a small gift or a quick share can extend the circle of care for Loki. Thank you for your compassion. Your support is appreciated (10). https://www.gofundme.com/f/restoring-hope-for-loki"
Phillips Family Fun,,,https://www.facebook.com/groups/1899317563464284/,"Please consider taking a moment to support Loki with this caring community. This GoFundMe is for Loki, and I’m hoping to gather support during a difficult time. Any help you can offer, from a donation to a share, is sincerely appreciated. Thank you for being part of Loki’s support circle. Your support is appreciated (6). https://www.gofundme.com/f/restoring-hope-for-loki"
Positive Quotes,28K,,https://www.facebook.com/groups/615585218069546/,"I’m sharing a heartfelt fundraiser for Loki with this caring community. This GoFundMe is for Loki, and I’m hoping to gather support during a difficult time. Every contribution and every share helps build more support around Loki. Thank you for taking the time to help. Your support is appreciated (9). https://www.gofundme.com/f/restoring-hope-for-loki"
Power ✝️ Prayer,206K,,https://www.facebook.com/groups/512906404661571/,"I’d appreciate the kindness of this faith-filled community. This GoFundMe is for Loki, and I’m hoping to gather support during a difficult time. Support does not have to be financial: sharing this fundraiser is also a meaningful way to help. Thank you for reading and for any help you can give. Your support is appreciated (10). https://www.gofundme.com/f/restoring-hope-for-loki"
Praise The Lord Jesus Christ,,,https://www.facebook.com/groups/370185321806523/,"I’m hoping this faith-filled community. This GoFundMe is for Loki, and I’m hoping to gather support during a difficult time. A donation of any size can make a real difference, and a share can help this reach someone who is able to give. With gratitude for any support you can offer. Your support is appreciated (8). https://www.gofundme.com/f/restoring-hope-for-loki"
Prayer And Worship Network,2.4M,,https://www.facebook.com/groups/3368258913187671/,"I’m inviting this faith-filled community. This GoFundMe is for Loki, and I’m hoping to gather support during a difficult time. Your generosity, whether through a contribution or a share, can help bring hope to Loki. I appreciate this community more than I can say. Your support is appreciated (8). https://www.gofundme.com/f/restoring-hope-for-loki"
PRAYER POWER,461K,,https://www.facebook.com/groups/1091333935028476/,"I’m posting Loki’s fundraiser for this faith-filled community. This GoFundMe is for Loki, and I’m hoping to gather support during a difficult time. Please keep Loki in mind and share this link if you know someone who may be able to help. Your support and shares are deeply appreciated. Your support is appreciated (12). https://www.gofundme.com/f/restoring-hope-for-loki"
Prayers for Worshiping Jesus,,,https://www.facebook.com/groups/774691831081462/,"I’m turning to this faith-filled community. This GoFundMe is for Loki, and I’m hoping to gather support during a difficult time. Please help by donating if you can, or by sharing the fundraiser with others who may want to help. Thank you for caring about Loki. Your support is appreciated (11). https://www.gofundme.com/f/restoring-hope-for-loki"
Puerto Rico | Boricua | PR 🇵🇷,129K,,https://www.facebook.com/groups/puertoricoboricuapr/,"I’d love to share an opportunity to help Loki with this caring community. This GoFundMe is for Loki, and I’m hoping to gather support during a difficult time. I’m thankful for every person who takes a moment to read, donate, or share Loki’s story. I’m grateful for your time and consideration. Your support is appreciated (5). https://www.gofundme.com/f/restoring-hope-for-loki"
Puerto Rico Patria Mia 🇵🇷♥️,29K,,https://www.facebook.com/groups/1618176588214217/,"I’m reaching out to share Loki’s fundraiser with this caring community. This GoFundMe is for Loki, and I’m hoping to gather support during a difficult time. If you’re able to donate or pass it along, your support would mean so much. I truly appreciate this community’s kindness. Your support is appreciated (4). https://www.gofundme.com/f/restoring-hope-for-loki"
Puppies and Their Mothers Needing Rescue,,,https://www.facebook.com/groups/119614718209064/,"I hope it’s okay to post a request for support in this animal-loving community. This GoFundMe is for Loki, and I’m hoping to gather support during a difficult time. If this speaks to you, please consider helping in whatever way feels right, including simply sharing the link. Thank you for opening your heart to Loki’s fundraiser. Your support is appreciated (16). https://www.gofundme.com/f/restoring-hope-for-loki"
Puppies In Kill Shelters Needing Rescue or Adoption,,,https://www.facebook.com/groups/863509923704972/,"I’d be grateful to introduce Loki’s GoFundMe to this animal-loving community. This GoFundMe is for Loki, and I’m hoping to gather support during a difficult time. Together, small acts of support can make a meaningful difference for Loki. Thank you for helping spread hope for Loki. Your support is appreciated (15). https://www.gofundme.com/f/restoring-hope-for-loki"
puppies or small dogs free,,,https://www.facebook.com/groups/781566165746459/,"I’m asking this animal-loving community. This GoFundMe is for Loki, and I’m hoping to gather support during a difficult time. Even a small gift or a quick share can extend the circle of care for Loki. Thank you for your compassion. Your support is appreciated (11). https://www.gofundme.com/f/restoring-hope-for-loki"
rehoming pets dogs and cats,,,https://www.facebook.com/groups/415879372686508/,"Please consider taking a moment to support Loki with this animal-loving community. This GoFundMe is for Loki, and I’m hoping to gather support during a difficult time. Any help you can offer, from a donation to a share, is sincerely appreciated. Thank you for being part of Loki’s support circle. Your support is appreciated (11). https://www.gofundme.com/f/restoring-hope-for-loki"
Rest in His Peace,,,https://www.facebook.com/groups/544579777296779/,"I’m sharing a heartfelt fundraiser for Loki with this caring community. This GoFundMe is for Loki, and I’m hoping to gather support during a difficult time. Every contribution and every share helps build more support around Loki. Thank you for taking the time to help. Your support is appreciated (10). https://www.gofundme.com/f/restoring-hope-for-loki"
Rocklin Local,,,https://www.facebook.com/groups/RocklinLocal/,"I’d appreciate the kindness of this caring community. This GoFundMe is for Loki, and I’m hoping to gather support during a difficult time. Support does not have to be financial: sharing this fundraiser is also a meaningful way to help. Thank you for reading and for any help you can give. Your support is appreciated (6). https://www.gofundme.com/f/restoring-hope-for-loki"
"Rocklin, Ca",,,https://www.facebook.com/groups/173274523401259/,"I’m hoping this caring community. This GoFundMe is for Loki, and I’m hoping to gather support during a difficult time. A donation of any size can make a real difference, and a share can help this reach someone who is able to give. With gratitude for any support you can offer. Your support is appreciated (8). https://www.gofundme.com/f/restoring-hope-for-loki"
"Sacramento, CA",,,https://www.facebook.com/groups/14515297862/,"I’m inviting this caring community. This GoFundMe is for Loki, and I’m hoping to gather support during a difficult time. Your generosity, whether through a contribution or a share, can help bring hope to Loki. I appreciate this community more than I can say. Your support is appreciated (8). https://www.gofundme.com/f/restoring-hope-for-loki"
Sacred heart of Jesus Christ,,,https://www.facebook.com/groups/580522429383537/,"I’m posting Loki’s fundraiser for this faith-filled community. This GoFundMe is for Loki, and I’m hoping to gather support during a difficult time. Please keep Loki in mind and share this link if you know someone who may be able to help. Your support and shares are deeply appreciated. Your support is appreciated (13). https://www.gofundme.com/f/restoring-hope-for-loki"
"Save an Animal BIG or Small - Adopt, Foster, Pledge for Rescue🐕",,,https://www.facebook.com/groups/1039994493192253/,"I’m turning to this animal-loving community. This GoFundMe is for Loki, and I’m hoping to gather support during a difficult time. Please help by donating if you can, or by sharing the fundraiser with others who may want to help. Thank you for caring about Loki. Your support is appreciated (15). https://www.gofundme.com/f/restoring-hope-for-loki"
Save the Dogs of California,,,https://www.facebook.com/groups/SAVETHEDOGSOFCALIFORNIA/,"I’d love to share an opportunity to help Loki with this animal-loving community. This GoFundMe is for Loki, and I’m hoping to gather support during a difficult time. I’m thankful for every person who takes a moment to read, donate, or share Loki’s story. I’m grateful for your time and consideration. Your support is appreciated (13). https://www.gofundme.com/f/restoring-hope-for-loki"
Saving Death Row Dogs and Cats of Texas,,,https://www.facebook.com/groups/504551933363977/,"I’m reaching out to share Loki’s fundraiser with this animal-loving community. This GoFundMe is for Loki, and I’m hoping to gather support during a difficult time. If you’re able to donate or pass it along, your support would mean so much. I truly appreciate this community’s kindness. Your support is appreciated (16). https://www.gofundme.com/f/restoring-hope-for-loki"
Saving Dogs,,,https://www.facebook.com/groups/1411531959123158/,"I hope it’s okay to post a request for support in this animal-loving community. This GoFundMe is for Loki, and I’m hoping to gather support during a difficult time. If this speaks to you, please consider helping in whatever way feels right, including simply sharing the link. Thank you for opening your heart to Loki’s fundraiser. Your support is appreciated (17). https://www.gofundme.com/f/restoring-hope-for-loki"
Saving Riverside Dogs: Including San Jacinto and Coachella Campus,,,https://www.facebook.com/groups/325772261563238/,"I’d be grateful to introduce Loki’s GoFundMe to this animal-loving community. This GoFundMe is for Loki, and I’m hoping to gather support during a difficult time. Together, small acts of support can make a meaningful difference for Loki. Thank you for helping spread hope for Loki. Your support is appreciated (16). https://www.gofundme.com/f/restoring-hope-for-loki"
Saving Texas Retriever & Herding Dogs,,,https://www.facebook.com/groups/299492283527810/,"I’m asking this animal-loving community. This GoFundMe is for Loki, and I’m hoping to gather support during a difficult time. Even a small gift or a quick share can extend the circle of care for Loki. Thank you for your compassion. Your support is appreciated (12). https://www.gofundme.com/f/restoring-hope-for-loki"
"Saving Urgent Dogs of Bartow County Animal Control, Cartersville Georgia",,,https://www.facebook.com/groups/384209928604234/,"Please consider taking a moment to support Loki with this animal-loving community. This GoFundMe is for Loki, and I’m hoping to gather support during a difficult time. Any help you can offer, from a donation to a share, is sincerely appreciated. Thank you for being part of Loki’s support circle. Your support is appreciated (12). https://www.gofundme.com/f/restoring-hope-for-loki"
Senior Dogs,,,https://www.facebook.com/groups/210118748883/,"I’m sharing a heartfelt fundraiser for Loki with this animal-loving community. This GoFundMe is for Loki, and I’m hoping to gather support during a difficult time. Every contribution and every share helps build more support around Loki. Thank you for taking the time to help. Your support is appreciated (12). https://www.gofundme.com/f/restoring-hope-for-loki"
Senior Dogs In Need,,,https://www.facebook.com/groups/1103911186418858/,"I’d appreciate the kindness of this animal-loving community. This GoFundMe is for Loki, and I’m hoping to gather support during a difficult time. Support does not have to be financial: sharing this fundraiser is also a meaningful way to help. Thank you for reading and for any help you can give. Your support is appreciated (14). https://www.gofundme.com/f/restoring-hope-for-loki"
SENIOR DOGS REQUIRING RESCUE (SDRR),,,https://www.facebook.com/groups/1003309173046561/,"I’m hoping this animal-loving community. This GoFundMe is for Loki, and I’m hoping to gather support during a difficult time. A donation of any size can make a real difference, and a share can help this reach someone who is able to give. With gratitude for any support you can offer. Your support is appreciated (14). https://www.gofundme.com/f/restoring-hope-for-loki"
Shaggy Chic | Dog Lovers Community🐶,,,https://www.facebook.com/groups/shaggychic/,"I’m inviting this animal-loving community. This GoFundMe is for Loki, and I’m hoping to gather support during a difficult time. Your generosity, whether through a contribution or a share, can help bring hope to Loki. I appreciate this community more than I can say. Your support is appreciated (14). https://www.gofundme.com/f/restoring-hope-for-loki"
SHARING WITH MY OPEN ARMS FOR THE VOICELESS,,,https://www.facebook.com/groups/1573303426245079/,"I’m posting Loki’s fundraiser for this caring community. This GoFundMe is for Loki, and I’m hoping to gather support during a difficult time. Please keep Loki in mind and share this link if you know someone who may be able to help. Your support and shares are deeply appreciated. Your support is appreciated (6). https://www.gofundme.com/f/restoring-hope-for-loki"
Small Breed Rescue & Adoption Network,,,https://www.facebook.com/groups/301193645365060/,"I’m turning to this animal-loving community. This GoFundMe is for Loki, and I’m hoping to gather support during a difficult time. Please help by donating if you can, or by sharing the fundraiser with others who may want to help. Thank you for caring about Loki. Your support is appreciated (16). https://www.gofundme.com/f/restoring-hope-for-loki"
Small/Toy Breed Dog Animal Welfare Network,,,https://www.facebook.com/groups/220901328038162/,"I’d love to share an opportunity to help Loki with this animal-loving community. This GoFundMe is for Loki, and I’m hoping to gather support during a difficult time. I’m thankful for every person who takes a moment to read, donate, or share Loki’s story. I’m grateful for your time and consideration. Your support is appreciated (14). https://www.gofundme.com/f/restoring-hope-for-loki"
Sober lover,47K,,https://www.facebook.com/groups/1026427803043829/,"I’m reaching out to share Loki’s fundraiser with this caring community. This GoFundMe is for Loki, and I’m hoping to gather support during a difficult time. If you’re able to donate or pass it along, your support would mean so much. I truly appreciate this community’s kindness. Your support is appreciated (5). https://www.gofundme.com/f/restoring-hope-for-loki"
Soldiers4Jesus,,,https://www.facebook.com/groups/soldiers4jesusprayer4u/,"I hope it’s okay to post a request for support in this faith-filled community. This GoFundMe is for Loki, and I’m hoping to gather support during a difficult time. If this speaks to you, please consider helping in whatever way feels right, including simply sharing the link. Thank you for opening your heart to Loki’s fundraiser. Your support is appreciated (10). https://www.gofundme.com/f/restoring-hope-for-loki"
🆘 Code Red Dogs Nationwide Rescue Network 🆘,,,https://www.facebook.com/groups/8636403469751650/,"I’d be grateful to introduce Loki’s GoFundMe to this animal-loving community. This GoFundMe is for Loki, and I’m hoping to gather support during a difficult time. Together, small acts of support can make a meaningful difference for Loki. Thank you for helping spread hope for Loki. Your support is appreciated (17). https://www.gofundme.com/f/restoring-hope-for-loki"
Southern California Rescue & Foster Network - Networking Saves Lives,,,https://www.facebook.com/groups/SoCalRescueNetwork/,"I’m asking this animal-loving community. This GoFundMe is for Loki, and I’m hoping to gather support during a difficult time. Even a small gift or a quick share can extend the circle of care for Loki. Thank you for your compassion. Your support is appreciated (13). https://www.gofundme.com/f/restoring-hope-for-loki"
"Special Needs Animals - Blind,Deaf,Disabled Welfare Network",,,https://www.facebook.com/groups/392772480890225/,"Please consider taking a moment to support Loki with this animal-loving community. This GoFundMe is for Loki, and I’m hoping to gather support during a difficult time. Any help you can offer, from a donation to a share, is sincerely appreciated. Thank you for being part of Loki’s support circle. Your support is appreciated (13). https://www.gofundme.com/f/restoring-hope-for-loki"
Study Bible Online,118K,,https://www.facebook.com/groups/797520219209278/,"I’m sharing a heartfelt fundraiser for Loki with this caring community. This GoFundMe is for Loki, and I’m hoping to gather support during a difficult time. Every contribution and every share helps build more support around Loki. Thank you for taking the time to help. Your support is appreciated (11). https://www.gofundme.com/f/restoring-hope-for-loki"
Support Group for Family of Addiction,,,https://www.facebook.com/groups/519268163659381/,"I’d appreciate the kindness of this caring community. This GoFundMe is for Loki, and I’m hoping to gather support during a difficult time. Support does not have to be financial: sharing this fundraiser is also a meaningful way to help. Thank you for reading and for any help you can give. Your support is appreciated (7). https://www.gofundme.com/f/restoring-hope-for-loki"
Temporary Dog Fostering Community,,,https://www.facebook.com/groups/833571495003245/,"I’m hoping this animal-loving community. This GoFundMe is for Loki, and I’m hoping to gather support during a difficult time. A donation of any size can make a real difference, and a share can help this reach someone who is able to give. With gratitude for any support you can offer. Your support is appreciated (15). https://www.gofundme.com/f/restoring-hope-for-loki"
Texas Shelter & Rescue Dogs & Cats In Need Of Homes 🐶🐱,,,https://www.facebook.com/groups/154388418554314/,"I’m inviting this animal-loving community. This GoFundMe is for Loki, and I’m hoping to gather support during a difficult time. Your generosity, whether through a contribution or a share, can help bring hope to Loki. I appreciate this community more than I can say. Your support is appreciated (15). https://www.gofundme.com/f/restoring-hope-for-loki"
Thank You Lord Jesus,,,https://www.facebook.com/groups/1735498967084050/,"I’m posting Loki’s fundraiser for this faith-filled community. This GoFundMe is for Loki, and I’m hoping to gather support during a difficult time. Please keep Loki in mind and share this link if you know someone who may be able to help. Your support and shares are deeply appreciated. Your support is appreciated (14). https://www.gofundme.com/f/restoring-hope-for-loki"
The AI Entrepreneur,,,https://www.facebook.com/groups/frukarlos/,"I’m turning to this caring community. This GoFundMe is for Loki, and I’m hoping to gather support during a difficult time. Please help by donating if you can, or by sharing the fundraiser with others who may want to help. Thank you for caring about Loki. Your support is appreciated (4). https://www.gofundme.com/f/restoring-hope-for-loki"
The Animal Rescue Network,,,https://www.facebook.com/groups/631682410939417/,"I’d love to share an opportunity to help Loki with this animal-loving community. This GoFundMe is for Loki, and I’m hoping to gather support during a difficult time. I’m thankful for every person who takes a moment to read, donate, or share Loki’s story. I’m grateful for your time and consideration. Your support is appreciated (15). https://www.gofundme.com/f/restoring-hope-for-loki"
The Asher House Dog,,,https://www.facebook.com/groups/2984874968360032/,"I’m reaching out to share Loki’s fundraiser with this animal-loving community. This GoFundMe is for Loki, and I’m hoping to gather support during a difficult time. If you’re able to donate or pass it along, your support would mean so much. I truly appreciate this community’s kindness. Your support is appreciated (17). https://www.gofundme.com/f/restoring-hope-for-loki"
The Beauty of German Shepherds,429K,,https://www.facebook.com/groups/484067376010582/,"I hope it’s okay to post a request for support in this caring community. This GoFundMe is for Loki, and I’m hoping to gather support during a difficult time. If this speaks to you, please consider helping in whatever way feels right, including simply sharing the link. Thank you for opening your heart to Loki’s fundraiser. Your support is appreciated (5). https://www.gofundme.com/f/restoring-hope-for-loki"
The Bridge to Dog Heaven,,,https://www.facebook.com/groups/1593542101178804/,"I’d be grateful to introduce Loki’s GoFundMe to this animal-loving community. This GoFundMe is for Loki, and I’m hoping to gather support during a difficult time. Together, small acts of support can make a meaningful difference for Loki. Thank you for helping spread hope for Loki. Your support is appreciated (18). https://www.gofundme.com/f/restoring-hope-for-loki"
The Human Touch,,,https://www.facebook.com/groups/2876804485700676/,"I’m asking this caring community. This GoFundMe is for Loki, and I’m hoping to gather support during a difficult time. Even a small gift or a quick share can extend the circle of care for Loki. Thank you for your compassion. Your support is appreciated (8). https://www.gofundme.com/f/restoring-hope-for-loki"
The Light of Jesus,,,https://www.facebook.com/groups/160125865276795/,"Please consider taking a moment to support Loki with this faith-filled community. This GoFundMe is for Loki, and I’m hoping to gather support during a difficult time. Any help you can offer, from a donation to a share, is sincerely appreciated. Thank you for being part of Loki’s support circle. Your support is appreciated (13). https://www.gofundme.com/f/restoring-hope-for-loki"
The Lord is my Shepherd.,144K,,https://www.facebook.com/groups/1045208536737454/,"I’m sharing a heartfelt fundraiser for Loki with this caring community. This GoFundMe is for Loki, and I’m hoping to gather support during a difficult time. Every contribution and every share helps build more support around Loki. Thank you for taking the time to help. Your support is appreciated (12). https://www.gofundme.com/f/restoring-hope-for-loki"
The Rainbow Bridge 🌈,,,https://www.facebook.com/groups/244752382021653/,"I’d appreciate the kindness of this caring community. This GoFundMe is for Loki, and I’m hoping to gather support during a difficult time. Support does not have to be financial: sharing this fundraiser is also a meaningful way to help. Thank you for reading and for any help you can give. Your support is appreciated (8). https://www.gofundme.com/f/restoring-hope-for-loki"
THE STORY OF JESUS CHRIST,,,https://www.facebook.com/groups/277362940789237/,"I’m hoping this faith-filled community. This GoFundMe is for Loki, and I’m hoping to gather support during a difficult time. A donation of any size can make a real difference, and a share can help this reach someone who is able to give. With gratitude for any support you can offer. Your support is appreciated (9). https://www.gofundme.com/f/restoring-hope-for-loki"
There is Power in the name of Jesus,,,https://www.facebook.com/groups/723533221606553/,"I’m inviting this faith-filled community. This GoFundMe is for Loki, and I’m hoping to gather support during a difficult time. Your generosity, whether through a contribution or a share, can help bring hope to Loki. I appreciate this community more than I can say. Your support is appreciated (9). https://www.gofundme.com/f/restoring-hope-for-loki"
This World Needs Jesus,,,https://www.facebook.com/groups/496648839513631/,"I’m posting Loki’s fundraiser for this faith-filled community. This GoFundMe is for Loki, and I’m hoping to gather support during a difficult time. Please keep Loki in mind and share this link if you know someone who may be able to help. Your support and shares are deeply appreciated. Your support is appreciated (15). https://www.gofundme.com/f/restoring-hope-for-loki"
Trade Titans Global 📈,,,https://www.facebook.com/groups/992482022256025/,"I’m turning to this caring community. This GoFundMe is for Loki, and I’m hoping to gather support during a difficult time. Please help by donating if you can, or by sharing the fundraiser with others who may want to help. Thank you for caring about Loki. Your support is appreciated (5). https://www.gofundme.com/f/restoring-hope-for-loki"
Tripawd dogs,,,https://www.facebook.com/groups/180060898548/,"I’d love to share an opportunity to help Loki with this animal-loving community. This GoFundMe is for Loki, and I’m hoping to gather support during a difficult time. I’m thankful for every person who takes a moment to read, donate, or share Loki’s story. I’m grateful for your time and consideration. Your support is appreciated (16). https://www.gofundme.com/f/restoring-hope-for-loki"
URGENT Dogs in need of help now,,,https://www.facebook.com/groups/AWSMurgentdogs/,"I’m reaching out to share Loki’s fundraiser with this animal-loving community. This GoFundMe is for Loki, and I’m hoping to gather support during a difficult time. If you’re able to donate or pass it along, your support would mean so much. I truly appreciate this community’s kindness. Your support is appreciated (18). https://www.gofundme.com/f/restoring-hope-for-loki"
"URGENT US Shelter Dogs 🚨 Adoption, Foster, Network, Help !",,,https://www.facebook.com/groups/199200593943836/,"I hope it’s okay to post a request for support in this animal-loving community. This GoFundMe is for Loki, and I’m hoping to gather support during a difficult time. If this speaks to you, please consider helping in whatever way feels right, including simply sharing the link. Thank you for opening your heart to Loki’s fundraiser. Your support is appreciated (18). https://www.gofundme.com/f/restoring-hope-for-loki"
USA - I love Dogs 🇺🇸🇨🇦,,,https://www.facebook.com/groups/838315907874308/,"I’d be grateful to introduce Loki’s GoFundMe to this animal-loving community. This GoFundMe is for Loki, and I’m hoping to gather support during a difficult time. Together, small acts of support can make a meaningful difference for Loki. Thank you for helping spread hope for Loki. Your support is appreciated (19). https://www.gofundme.com/f/restoring-hope-for-loki"
USA Dog Lovers,,,https://www.facebook.com/groups/usadoglovers01/,"I’m asking this animal-loving community. This GoFundMe is for Loki, and I’m hoping to gather support during a difficult time. Even a small gift or a quick share can extend the circle of care for Loki. Thank you for your compassion. Your support is appreciated (14). https://www.gofundme.com/f/restoring-hope-for-loki"
USA Dogs & Other Pets,17K,,https://www.facebook.com/groups/1151742577001299/,"Please consider taking a moment to support Loki with this animal-loving community. This GoFundMe is for Loki, and I’m hoping to gather support during a difficult time. Any help you can offer, from a donation to a share, is sincerely appreciated. Thank you for being part of Loki’s support circle. Your support is appreciated (14). https://www.gofundme.com/f/restoring-hope-for-loki"
Used Cars For Sale,3.6K,,https://www.facebook.com/groups/788442574521969/,"I’m sharing a heartfelt fundraiser for Loki with this caring community. This GoFundMe is for Loki, and I’m hoping to gather support during a difficult time. Every contribution and every share helps build more support around Loki. Thank you for taking the time to help. Your support is appreciated (13). https://www.gofundme.com/f/restoring-hope-for-loki"
venta en los angeles,14K,,https://www.facebook.com/groups/413323475489517/,"I’d appreciate the kindness of this caring community. This GoFundMe is for Loki, and I’m hoping to gather support during a difficult time. Support does not have to be financial: sharing this fundraiser is also a meaningful way to help. Thank you for reading and for any help you can give. Your support is appreciated (9). https://www.gofundme.com/f/restoring-hope-for-loki"
"VENTAS EN LOS ANGELES, Y ALREDEDORES",25K,,https://www.facebook.com/groups/1808122542750137/,"I’m hoping this caring community. This GoFundMe is for Loki, and I’m hoping to gather support during a difficult time. A donation of any size can make a real difference, and a share can help this reach someone who is able to give. With gratitude for any support you can offer. Your support is appreciated (9). https://www.gofundme.com/f/restoring-hope-for-loki"
View & Share GoFundMe Pages - for Animals in Need,15K,10 posts a day,https://www.facebook.com/groups/1605607863017688/,"I’m inviting this animal-loving community. This GoFundMe is for Loki, and I’m hoping to gather support during a difficult time. Your generosity, whether through a contribution or a share, can help bring hope to Loki. I appreciate this community more than I can say. Your support is appreciated (16). https://www.gofundme.com/f/restoring-hope-for-loki"
View group,,,https://www.facebook.com/groups/1161645792439314/,"I’m posting Loki’s fundraiser for this caring community. This GoFundMe is for Loki, and I’m hoping to gather support during a difficult time. Please keep Loki in mind and share this link if you know someone who may be able to help. Your support and shares are deeply appreciated. Your support is appreciated (7). https://www.gofundme.com/f/restoring-hope-for-loki"
View group,,,https://www.facebook.com/groups/1274734434187212/,"I’m turning to this caring community. This GoFundMe is for Loki, and I’m hoping to gather support during a difficult time. Please help by donating if you can, or by sharing the fundraiser with others who may want to help. Thank you for caring about Loki. Your support is appreciated (6). https://www.gofundme.com/f/restoring-hope-for-loki"
View group,,,https://www.facebook.com/groups/750877877651720/,"I’d love to share an opportunity to help Loki with this caring community. This GoFundMe is for Loki, and I’m hoping to gather support during a difficult time. I’m thankful for every person who takes a moment to read, donate, or share Loki’s story. I’m grateful for your time and consideration. Your support is appreciated (6). https://www.gofundme.com/f/restoring-hope-for-loki"
View group,,,https://www.facebook.com/groups/4032034830406716/,"I’m reaching out to share Loki’s fundraiser with this caring community. This GoFundMe is for Loki, and I’m hoping to gather support during a difficult time. If you’re able to donate or pass it along, your support would mean so much. I truly appreciate this community’s kindness. Your support is appreciated (6). https://www.gofundme.com/f/restoring-hope-for-loki"
View group,,,https://www.facebook.com/groups/781646225200991/,"I hope it’s okay to post a request for support in this caring community. This GoFundMe is for Loki, and I’m hoping to gather support during a difficult time. If this speaks to you, please consider helping in whatever way feels right, including simply sharing the link. Thank you for opening your heart to Loki’s fundraiser. Your support is appreciated (6). https://www.gofundme.com/f/restoring-hope-for-loki"
View group,,,https://www.facebook.com/groups/1562699994751492/,"I’d be grateful to introduce Loki’s GoFundMe to this caring community. This GoFundMe is for Loki, and I’m hoping to gather support during a difficult time. Together, small acts of support can make a meaningful difference for Loki. Thank you for helping spread hope for Loki. Your support is appreciated (6). https://www.gofundme.com/f/restoring-hope-for-loki"
View group,,,https://www.facebook.com/groups/666832075720828/,"I’m asking this caring community. This GoFundMe is for Loki, and I’m hoping to gather support during a difficult time. Even a small gift or a quick share can extend the circle of care for Loki. Thank you for your compassion. Your support is appreciated (9). https://www.gofundme.com/f/restoring-hope-for-loki"
View group,,,https://www.facebook.com/groups/988775909893886/,"Please consider taking a moment to support Loki with this caring community. This GoFundMe is for Loki, and I’m hoping to gather support during a difficult time. Any help you can offer, from a donation to a share, is sincerely appreciated. Thank you for being part of Loki’s support circle. Your support is appreciated (7). https://www.gofundme.com/f/restoring-hope-for-loki"
View group,,,https://www.facebook.com/groups/355167805861071/,"I’m sharing a heartfelt fundraiser for Loki with this caring community. This GoFundMe is for Loki, and I’m hoping to gather support during a difficult time. Every contribution and every share helps build more support around Loki. Thank you for taking the time to help. Your support is appreciated (14). https://www.gofundme.com/f/restoring-hope-for-loki"
View group,,,https://www.facebook.com/groups/1234447451620338/,"I’d appreciate the kindness of this caring community. This GoFundMe is for Loki, and I’m hoping to gather support during a difficult time. Support does not have to be financial: sharing this fundraiser is also a meaningful way to help. Thank you for reading and for any help you can give. Your support is appreciated (10). https://www.gofundme.com/f/restoring-hope-for-loki"
View group,,,https://www.facebook.com/groups/697327272936521/,"I’m hoping this caring community. This GoFundMe is for Loki, and I’m hoping to gather support during a difficult time. A donation of any size can make a real difference, and a share can help this reach someone who is able to give. With gratitude for any support you can offer. Your support is appreciated (10). https://www.gofundme.com/f/restoring-hope-for-loki"
View group,,,https://www.facebook.com/groups/670113315423795/,"I’m inviting this caring community. This GoFundMe is for Loki, and I’m hoping to gather support during a difficult time. Your generosity, whether through a contribution or a share, can help bring hope to Loki. I appreciate this community more than I can say. Your support is appreciated (9). https://www.gofundme.com/f/restoring-hope-for-loki"
View group,,,https://www.facebook.com/groups/982737803742108/,"I’m posting Loki’s fundraiser for this caring community. This GoFundMe is for Loki, and I’m hoping to gather support during a difficult time. Please keep Loki in mind and share this link if you know someone who may be able to help. Your support and shares are deeply appreciated. Your support is appreciated (8). https://www.gofundme.com/f/restoring-hope-for-loki"
View group,,,https://www.facebook.com/groups/655471835916175/,"I’m turning to this caring community. This GoFundMe is for Loki, and I’m hoping to gather support during a difficult time. Please help by donating if you can, or by sharing the fundraiser with others who may want to help. Thank you for caring about Loki. Your support is appreciated (7). https://www.gofundme.com/f/restoring-hope-for-loki"
View group,,,https://www.facebook.com/groups/1472052697322710/,"I’d love to share an opportunity to help Loki with this caring community. This GoFundMe is for Loki, and I’m hoping to gather support during a difficult time. I’m thankful for every person who takes a moment to read, donate, or share Loki’s story. I’m grateful for your time and consideration. Your support is appreciated (7). https://www.gofundme.com/f/restoring-hope-for-loki"
View group,,,https://www.facebook.com/groups/411960037377198/,"I’m reaching out to share Loki’s fundraiser with this caring community. This GoFundMe is for Loki, and I’m hoping to gather support during a difficult time. If you’re able to donate or pass it along, your support would mean so much. I truly appreciate this community’s kindness. Your support is appreciated (7). https://www.gofundme.com/f/restoring-hope-for-loki"
View group,,,https://www.facebook.com/groups/438786946677578/,"I hope it’s okay to post a request for support in this caring community. This GoFundMe is for Loki, and I’m hoping to gather support during a difficult time. If this speaks to you, please consider helping in whatever way feels right, including simply sharing the link. Thank you for opening your heart to Loki’s fundraiser. Your support is appreciated (7). https://www.gofundme.com/f/restoring-hope-for-loki"
View group,,,https://www.facebook.com/groups/2151968784970795/,"I’d be grateful to introduce Loki’s GoFundMe to this caring community. This GoFundMe is for Loki, and I’m hoping to gather support during a difficult time. Together, small acts of support can make a meaningful difference for Loki. Thank you for helping spread hope for Loki. Your support is appreciated (7). https://www.gofundme.com/f/restoring-hope-for-loki"
View group,,,https://www.facebook.com/groups/605864138017471/,"I’m asking this caring community. This GoFundMe is for Loki, and I’m hoping to gather support during a difficult time. Even a small gift or a quick share can extend the circle of care for Loki. Thank you for your compassion. Your support is appreciated (10). https://www.gofundme.com/f/restoring-hope-for-loki"
View group,,,https://www.facebook.com/groups/311762021955242/,"Please consider taking a moment to support Loki with this caring community. This GoFundMe is for Loki, and I’m hoping to gather support during a difficult time. Any help you can offer, from a donation to a share, is sincerely appreciated. Thank you for being part of Loki’s support circle. Your support is appreciated (8). https://www.gofundme.com/f/restoring-hope-for-loki"
View group,,,https://www.facebook.com/groups/469362806442201/,"I’m sharing a heartfelt fundraiser for Loki with this caring community. This GoFundMe is for Loki, and I’m hoping to gather support during a difficult time. Every contribution and every share helps build more support around Loki. Thank you for taking the time to help. Your support is appreciated (15). https://www.gofundme.com/f/restoring-hope-for-loki"
View group,,,https://www.facebook.com/groups/500090053389692/,"I’d appreciate the kindness of this caring community. This GoFundMe is for Loki, and I’m hoping to gather support during a difficult time. Support does not have to be financial: sharing this fundraiser is also a meaningful way to help. Thank you for reading and for any help you can give. Your support is appreciated (11). https://www.gofundme.com/f/restoring-hope-for-loki"
View group,,,https://www.facebook.com/groups/1364713267349938/,"I’m hoping this caring community. This GoFundMe is for Loki, and I’m hoping to gather support during a difficult time. A donation of any size can make a real difference, and a share can help this reach someone who is able to give. With gratitude for any support you can offer. Your support is appreciated (11). https://www.gofundme.com/f/restoring-hope-for-loki"
View group,,,https://www.facebook.com/groups/208626097450027/,"I’m inviting this caring community. This GoFundMe is for Loki, and I’m hoping to gather support during a difficult time. Your generosity, whether through a contribution or a share, can help bring hope to Loki. I appreciate this community more than I can say. Your support is appreciated (10). https://www.gofundme.com/f/restoring-hope-for-loki"
View group,,,https://www.facebook.com/groups/520773567229494/,"I’m posting Loki’s fundraiser for this caring community. This GoFundMe is for Loki, and I’m hoping to gather support during a difficult time. Please keep Loki in mind and share this link if you know someone who may be able to help. Your support and shares are deeply appreciated. Your support is appreciated (9). https://www.gofundme.com/f/restoring-hope-for-loki"
View group,,,https://www.facebook.com/groups/427782988197022/,"I’m turning to this caring community. This GoFundMe is for Loki, and I’m hoping to gather support during a difficult time. Please help by donating if you can, or by sharing the fundraiser with others who may want to help. Thank you for caring about Loki. Your support is appreciated (8). https://www.gofundme.com/f/restoring-hope-for-loki"
"View growing up in 70s and 80s : Recipes, Pets, Stories & Tips",37.7K,,https://www.facebook.com/groups/1135391991252675/,"I’d love to share an opportunity to help Loki with this animal-loving community. This GoFundMe is for Loki, and I’m hoping to gather support during a difficult time. I’m thankful for every person who takes a moment to read, donate, or share Loki’s story. I’m grateful for your time and consideration. Your support is appreciated (17). https://www.gofundme.com/f/restoring-hope-for-loki"
VOICES FOR THE VOICELESS ⬆️Enter Here To Join⬆️,,,https://www.facebook.com/groups/232534930654507/,"I’m reaching out to share Loki’s fundraiser with this caring community. This GoFundMe is for Loki, and I’m hoping to gather support during a difficult time. If you’re able to donate or pass it along, your support would mean so much. I truly appreciate this community’s kindness. Your support is appreciated (8). https://www.gofundme.com/f/restoring-hope-for-loki"
Waggin' Wheels-Formerly Walkin Wheels Dog Wheelchairs #wagginwheels,,,https://www.facebook.com/groups/walkinwheels/,"I hope it’s okay to post a request for support in this animal-loving community. This GoFundMe is for Loki, and I’m hoping to gather support during a difficult time. If this speaks to you, please consider helping in whatever way feels right, including simply sharing the link. Thank you for opening your heart to Loki’s fundraiser. Your support is appreciated (19). https://www.gofundme.com/f/restoring-hope-for-loki"
Waiting for the Lord's return,122K,,https://www.facebook.com/groups/906485674999122/,"I’d be grateful to introduce Loki’s GoFundMe to this caring community. This GoFundMe is for Loki, and I’m hoping to gather support during a difficult time. Together, small acts of support can make a meaningful difference for Loki. Thank you for helping spread hope for Loki. Your support is appreciated (8). https://www.gofundme.com/f/restoring-hope-for-loki"
Walk with Jesus,,,https://www.facebook.com/groups/333588239403365/,"I’m asking this faith-filled community. This GoFundMe is for Loki, and I’m hoping to gather support during a difficult time. Even a small gift or a quick share can extend the circle of care for Loki. Thank you for your compassion. Your support is appreciated (11). https://www.gofundme.com/f/restoring-hope-for-loki"
Walking with Jesus Daily,15K,,https://www.facebook.com/groups/1930808784138562/,"Please consider taking a moment to support Loki with this faith-filled community. This GoFundMe is for Loki, and I’m hoping to gather support during a difficult time. Any help you can offer, from a donation to a share, is sincerely appreciated. Thank you for being part of Loki’s support circle. Your support is appreciated (14). https://www.gofundme.com/f/restoring-hope-for-loki"
We heart animals,,,https://www.facebook.com/groups/620294165832085/,"I’m sharing a heartfelt fundraiser for Loki with this animal-loving community. This GoFundMe is for Loki, and I’m hoping to gather support during a difficult time. Every contribution and every share helps build more support around Loki. Thank you for taking the time to help. Your support is appreciated (13). https://www.gofundme.com/f/restoring-hope-for-loki"
We Love Animals,,,https://www.facebook.com/groups/2929641513874586/,"I’d appreciate the kindness of this animal-loving community. This GoFundMe is for Loki, and I’m hoping to gather support during a difficult time. Support does not have to be financial: sharing this fundraiser is also a meaningful way to help. Thank you for reading and for any help you can give. Your support is appreciated (15). https://www.gofundme.com/f/restoring-hope-for-loki"
we love dog ☑️,,,https://www.facebook.com/groups/422618184753081/,"I’m hoping this animal-loving community. This GoFundMe is for Loki, and I’m hoping to gather support during a difficult time. A donation of any size can make a real difference, and a share can help this reach someone who is able to give. With gratitude for any support you can offer. Your support is appreciated (16). https://www.gofundme.com/f/restoring-hope-for-loki"
We love dogs 🐶🐾,,,https://www.facebook.com/groups/230099999694337/,"I’m inviting this animal-loving community. This GoFundMe is for Loki, and I’m hoping to gather support during a difficult time. Your generosity, whether through a contribution or a share, can help bring hope to Loki. I appreciate this community more than I can say. Your support is appreciated (17). https://www.gofundme.com/f/restoring-hope-for-loki"
We Love German Shepherd Dogs,,,https://www.facebook.com/groups/731483179024903/,"I’m posting Loki’s fundraiser for this animal-loving community. This GoFundMe is for Loki, and I’m hoping to gather support during a difficult time. Please keep Loki in mind and share this link if you know someone who may be able to help. Your support and shares are deeply appreciated. Your support is appreciated (12). https://www.gofundme.com/f/restoring-hope-for-loki"
WILD ANIMAL LOVERS,,,https://www.facebook.com/groups/2687616108099984/,"I’m turning to this animal-loving community. This GoFundMe is for Loki, and I’m hoping to gather support during a difficult time. Please help by donating if you can, or by sharing the fundraiser with others who may want to help. Thank you for caring about Loki. Your support is appreciated (17). https://www.gofundme.com/f/restoring-hope-for-loki"
Wild Animals Love 💕,,,https://www.facebook.com/groups/140710197981037/,"I’d love to share an opportunity to help Loki with this animal-loving community. This GoFundMe is for Loki, and I’m hoping to gather support during a difficult time. I’m thankful for every person who takes a moment to read, donate, or share Loki’s story. I’m grateful for your time and consideration. Your support is appreciated (18). https://www.gofundme.com/f/restoring-hope-for-loki"
wild planet animals,,,https://www.facebook.com/groups/477451089875906/,"I’m reaching out to share Loki’s fundraiser with this animal-loving community. This GoFundMe is for Loki, and I’m hoping to gather support during a difficult time. If you’re able to donate or pass it along, your support would mean so much. I truly appreciate this community’s kindness. Your support is appreciated (19). https://www.gofundme.com/f/restoring-hope-for-loki"
Wildlife nature and discovery animal planet,,,https://www.facebook.com/groups/3231843623605267/,"I hope it’s okay to post a request for support in this animal-loving community. This GoFundMe is for Loki, and I’m hoping to gather support during a difficult time. If this speaks to you, please consider helping in whatever way feels right, including simply sharing the link. Thank you for opening your heart to Loki’s fundraiser. Your support is appreciated (20). https://www.gofundme.com/f/restoring-hope-for-loki"
WolfDog Hybrid Puppies Lovers,,,https://www.facebook.com/groups/2059327224898557/,"I’d be grateful to introduce Loki’s GoFundMe to this animal-loving community. This GoFundMe is for Loki, and I’m hoping to gather support during a difficult time. Together, small acts of support can make a meaningful difference for Loki. Thank you for helping spread hope for Loki. Your support is appreciated (20). https://www.gofundme.com/f/restoring-hope-for-loki"
Women of Faith,44K,,https://www.facebook.com/groups/441232385683008/,"I’m asking this faith-filled community. This GoFundMe is for Loki, and I’m hoping to gather support during a difficult time. Even a small gift or a quick share can extend the circle of care for Loki. Thank you for your compassion. Your support is appreciated (12). https://www.gofundme.com/f/restoring-hope-for-loki"
Women of Faith & Flourish,21K,,https://www.facebook.com/groups/577296801665683/,"Please consider taking a moment to support Loki with this faith-filled community. This GoFundMe is for Loki, and I’m hoping to gather support during a difficult time. Any help you can offer, from a donation to a share, is sincerely appreciated. Thank you for being part of Loki’s support circle. Your support is appreciated (15). https://www.gofundme.com/f/restoring-hope-for-loki"
words of God💐🍁💐 Holy Family🌷,,,https://www.facebook.com/groups/766401213903881/,"I’m sharing a heartfelt fundraiser for Loki with this faith-filled community. This GoFundMe is for Loki, and I’m hoping to gather support during a difficult time. Every contribution and every share helps build more support around Loki. Thank you for taking the time to help. Your support is appreciated (9). https://www.gofundme.com/f/restoring-hope-for-loki"
world of cute dogs,,,https://www.facebook.com/groups/223527449332098/,"I’d appreciate the kindness of this animal-loving community. This GoFundMe is for Loki, and I’m hoping to gather support during a difficult time. Support does not have to be financial: sharing this fundraiser is also a meaningful way to help. Thank you for reading and for any help you can give. Your support is appreciated (16). https://www.gofundme.com/f/restoring-hope-for-loki"
YOU CANT CHANGE A DOGS PAST BUT YOU COULD REWRITE HIS FUTURE,,,https://www.facebook.com/groups/1601513833615150/,"I’m hoping this animal-loving community. This GoFundMe is for Loki, and I’m hoping to gather support during a difficult time. A donation of any size can make a real difference, and a share can help this reach someone who is able to give. With gratitude for any support you can offer. Your support is appreciated (17). https://www.gofundme.com/f/restoring-hope-for-loki"
ZRD in sled dogs,,,https://www.facebook.com/groups/535344663173310/,"I’m inviting this animal-loving community. This GoFundMe is for Loki, and I’m hoping to gather support during a difficult time. Your generosity, whether through a contribution or a share, can help bring hope to Loki. I appreciate this community more than I can say. Your support is appreciated (18). https://www.gofundme.com/f/restoring-hope-for-loki"
Славянский Сакраменто - Slavic Sacramento,,,https://www.facebook.com/groups/1974194692669912/,"I’m posting Loki’s fundraiser for this caring community. This GoFundMe is for Loki, and I’m hoping to gather support during a difficult time. Please keep Loki in mind and share this link if you know someone who may be able to help. Your support and shares are deeply appreciated. Your support is appreciated (10). https://www.gofundme.com/f/restoring-hope-for-loki"
ישראלים בארה״ב - Israelis in USA,14K,,https://www.facebook.com/groups/522387345294364/,"I’m turning to this caring community. This GoFundMe is for Loki, and I’m hoping to gather support during a difficult time. Please help by donating if you can, or by sharing the fundraiser with others who may want to help. Thank you for caring about Loki. Your support is appreciated (9). https://www.gofundme.com/f/restoring-hope-for-loki"
यीशु मुक्ति दाता हैंیٙسُوع مُکتی داتا ہے Jesus Is Savior,,,https://www.facebook.com/groups/312153142807439/,"I’d love to share an opportunity to help Loki with this faith-filled community. This GoFundMe is for Loki, and I’m hoping to gather support during a difficult time. I’m thankful for every person who takes a moment to read, donate, or share Loki’s story. I’m grateful for your time and consideration. Your support is appreciated (12). https://www.gofundme.com/f/restoring-hope-for-loki"
